mercado_name,mes,agente_name,vtpui_miles_millones_cop,recaudo_propio_miles_millones_cop,giros_recibidos_miles_millones_cop,pct_apalancamiento_cior,param_rcpui,param_competitivo,param_cfpui
,2025-03-01,ENEL COLOMBIA SA ESP,4.5865768793308375e-05,4.5865768793308375e-05,0,7943587.080628409,0.03,f,0.025
,2024-12-01,ENEL COLOMBIA SA ESP,4.5991782207069875e-05,4.5991782207069875e-05,0,7307462.6136219045,0.03,f,0.025
,2025-01-01,ENEL COLOMBIA SA ESP,4.249270970208893e-05,4.249270970208893e-05,0,7257448.286386435,0.03,f,0.025
,2025-02-01,ENEL COLOMBIA SA ESP,4.6376665467893604e-05,4.6376665467893604e-05,0,7060109.974195925,0.03,f,0.025
,2026-08-01,ENEL COLOMBIA SA ESP,4.6020864297655455e-05,4.6020864297655455e-05,0,7045947.90314357,0.03,f,0.025
,2024-09-01,ENEL COLOMBIA SA ESP,4.656979139227446e-05,4.656979139227446e-05,0,6992772.045838652,0.03,f,0.025
,2026-05-01,ENEL COLOMBIA SA ESP,4.7986753514232236e-05,4.7986753514232236e-05,0,6794405.969470434,0.03,f,0.025
,2025-04-01,ENEL COLOMBIA SA ESP,4.346381048474099e-05,4.346381048474099e-05,0,6794231.01565469,0.03,f,0.025
,2025-12-01,ENEL COLOMBIA SA ESP,4.9922586589051374e-05,4.9922586589051374e-05,0,6783642.032410778,0.03,f,0.025
,2024-08-01,ENEL COLOMBIA SA ESP,4.3814904437618024e-05,4.3814904437618024e-05,0,6760207.959097921,0.03,f,0.025
,2026-01-01,ENEL COLOMBIA SA ESP,4.911382003498753e-05,4.911382003498753e-05,0,6726550.14248497,0.03,f,0.025
,2025-11-01,ENEL COLOMBIA SA ESP,4.893851808979155e-05,4.893851808979155e-05,0,6687352.326782115,0.03,f,0.025
,2024-11-01,ENEL COLOMBIA SA ESP,4.50960455470631e-05,4.50960455470631e-05,0,6676695.178043677,0.03,f,0.025
,2026-07-01,ENEL COLOMBIA SA ESP,4.92083760578208e-05,4.92083760578208e-05,0,6660305.970802093,0.03,f,0.025
,2024-10-01,ENEL COLOMBIA SA ESP,4.596713270381504e-05,4.596713270381504e-05,0,6567965.424195181,0.03,f,0.025
,2025-10-01,ENEL COLOMBIA SA ESP,4.8908645041889206e-05,4.8908645041889206e-05,0,6546196.618554534,0.03,f,0.025
,2025-05-01,ENEL COLOMBIA SA ESP,4.863582457096755e-05,4.863582457096755e-05,0,6508780.503389224,0.03,f,0.025
,2024-03-01,ENEL COLOMBIA SA ESP,4.805406693787087e-05,4.805406693787087e-05,0,6404365.627472175,0.03,f,0.025
,2026-06-01,ENEL COLOMBIA SA ESP,4.559010899212372e-05,4.559010899212372e-05,0,6380955.752281495,0.03,f,0.025
,2026-02-01,ENEL COLOMBIA SA ESP,4.8021977450907357e-05,4.8021977450907357e-05,0,6372297.135134838,0.03,f,0.025
,2024-07-01,ENEL COLOMBIA SA ESP,4.658983207712181e-05,4.658983207712181e-05,0,6333588.826098676,0.03,f,0.025
,2026-03-01,ENEL COLOMBIA SA ESP,4.8038429835563115e-05,4.8038429835563115e-05,0,6307634.321276994,0.03,f,0.025
,2025-08-01,ENEL COLOMBIA SA ESP,4.727603112035572e-05,4.727603112035572e-05,0,6306467.424342995,0.03,f,0.025
,2025-09-01,ENEL COLOMBIA SA ESP,5.007257812045091e-05,5.007257812045091e-05,0,6276175.317342431,0.03,f,0.025
,2026-04-01,ENEL COLOMBIA SA ESP,4.277764428384326e-05,4.277764428384326e-05,0,6178842.932191249,0.03,f,0.025
,2025-07-01,ENEL COLOMBIA SA ESP,4.962093368831907e-05,4.962093368831907e-05,0,6141921.356726125,0.03,f,0.025
,2024-05-01,ENEL COLOMBIA SA ESP,4.731858628864889e-05,4.731858628864889e-05,0,6017972.066468402,0.03,f,0.025
,2024-04-01,ENEL COLOMBIA SA ESP,4.376438734424929e-05,4.376438734424929e-05,0,5856038.463184389,0.03,f,0.025
,2024-06-01,ENEL COLOMBIA SA ESP,4.667729406631996e-05,4.667729406631996e-05,0,5605141.859497673,0.03,f,0.025
,2025-06-01,ENEL COLOMBIA SA ESP,4.757146889831347e-05,4.757146889831347e-05,0,5518179.917915699,0.03,f,0.025
,2026-08-01,ENEL COLOMBIA SA ESP,4.6021955553273584e-05,4.6021955553273584e-05,0,2638168.527831288,0.03,f,0.025
,2026-06-01,ENEL COLOMBIA SA ESP,4.559123458801665e-05,4.559123458801665e-05,0,2477608.8429152686,0.03,f,0.025
,2026-05-01,ENEL COLOMBIA SA ESP,4.798799344452891e-05,4.798799344452891e-05,0,2465642.360953652,0.03,f,0.025
,2026-07-01,ENEL COLOMBIA SA ESP,4.920964651982436e-05,4.920964651982436e-05,0,2449016.6210706905,0.03,f,0.025
,2026-08-01,ENEL COLOMBIA SA ESP,4.6022095419410235e-05,4.6022095419410235e-05,0,2442341.389907577,0.03,f,0.025
,2026-07-01,ENEL COLOMBIA SA ESP,4.920970430637737e-05,4.920970430637737e-05,0,2380552.3871840765,0.03,f,0.025
,2026-03-01,ENEL COLOMBIA SA ESP,4.803970010322745e-05,4.803970010322745e-05,0,2364235.9636435895,0.03,f,0.025
,2026-04-01,ENEL COLOMBIA SA ESP,4.2778765037555674e-05,4.2778765037555674e-05,0,2359369.590961402,0.03,f,0.025
,2026-06-01,ENEL COLOMBIA SA ESP,4.559135638679381e-05,4.559135638679381e-05,0,2323790.2709277505,0.03,f,0.025
,2026-01-01,ENEL COLOMBIA SA ESP,4.9115228647741575e-05,4.9115228647741575e-05,0,2296344.8546889983,0.03,f,0.025
,2026-02-01,ENEL COLOMBIA SA ESP,4.8023345140654186e-05,4.8023345140654186e-05,0,2263781.6754013193,0.03,f,0.025
,2026-05-01,ENEL COLOMBIA SA ESP,4.79881719217307e-05,4.79881719217307e-05,0,2258522.268725912,0.03,f,0.025
,2024-05-01,ENEL COLOMBIA SA ESP,4.731992837495796e-05,4.731992837495796e-05,0,2223203.525247389,0.03,f,0.025
,2025-09-01,ENEL COLOMBIA SA ESP,5.0074032720652314e-05,5.0074032720652314e-05,0,2223033.882025691,0.03,f,0.025
,2025-09-01,ENEL COLOMBIA SA ESP,5.007403484164511e-05,5.007403484164511e-05,0,2220942.5183490245,0.03,f,0.025
,2025-11-01,ENEL COLOMBIA SA ESP,4.894000141099638e-05,4.894000141099638e-05,0,2209263.8286366966,0.03,f,0.025
,2024-10-01,ENEL COLOMBIA SA ESP,4.596851757851475e-05,4.596851757851475e-05,0,2204907.7268502316,0.03,f,0.025
,2024-09-01,ENEL COLOMBIA SA ESP,4.6571239080218234e-05,4.6571239080218234e-05,0,2203257.474300962,0.03,f,0.025
,2024-07-01,ENEL COLOMBIA SA ESP,4.659122449461967e-05,4.659122449461967e-05,0,2189331.956458497,0.03,f,0.025
,2026-01-01,ENEL COLOMBIA SA ESP,4.91153458768461e-05,4.91153458768461e-05,0,2177018.2279286645,0.03,f,0.025
,2025-08-01,ENEL COLOMBIA SA ESP,4.7277458744286144e-05,4.7277458744286144e-05,0,2171324.301957901,0.03,f,0.025
,2024-06-01,ENEL COLOMBIA SA ESP,4.667861256545839e-05,4.667861256545839e-05,0,2169744.028323395,0.03,f,0.025
,2025-07-01,ENEL COLOMBIA SA ESP,4.962241527940803e-05,4.962241527940803e-05,0,2167306.404574717,0.03,f,0.025
,2025-08-01,ENEL COLOMBIA SA ESP,4.727747047837329e-05,4.727747047837329e-05,0,2159684.9105477156,0.03,f,0.025
,2025-12-01,ENEL COLOMBIA SA ESP,4.992416568974056e-05,4.992416568974056e-05,0,2156436.6617318327,0.03,f,0.025
,2025-12-01,ENEL COLOMBIA SA ESP,4.992417190157869e-05,4.992417190157869e-05,0,2150665.8209327864,0.03,f,0.025
,2025-10-01,ENEL COLOMBIA SA ESP,4.891017529262577e-05,4.891017529262577e-05,0,2147560.443780757,0.03,f,0.025
,2025-06-01,ENEL COLOMBIA SA ESP,4.757283177877392e-05,4.757283177877392e-05,0,2138051.8265910777,0.03,f,0.025
,2024-04-01,ENEL COLOMBIA SA ESP,4.376569192086958e-05,4.376569192086958e-05,0,2132833.2400273355,0.03,f,0.025
,2025-07-01,ENEL COLOMBIA SA ESP,4.962245510941376e-05,4.962245510941376e-05,0,2130246.635375719,0.03,f,0.025
,2024-08-01,ENEL COLOMBIA SA ESP,4.381631600925464e-05,4.381631600925464e-05,0,2127224.1262856694,0.03,f,0.025
,2026-04-01,ENEL COLOMBIA SA ESP,4.2778962946564896e-05,4.2778962946564896e-05,0,2127173.6368679083,0.03,f,0.025
,2024-12-01,ENEL COLOMBIA SA ESP,4.599331543435455e-05,4.599331543435455e-05,0,2126660.4799471647,0.03,f,0.025
,2024-11-01,ENEL COLOMBIA SA ESP,4.509749420338714e-05,4.509749420338714e-05,0,2123063.3526085853,0.03,f,0.025
,2025-10-01,ENEL COLOMBIA SA ESP,4.891020397897888e-05,4.891020397897888e-05,0,2120845.712230267,0.03,f,0.025
,2025-11-01,ENEL COLOMBIA SA ESP,4.894010589960525e-05,4.894010589960525e-05,0,2109745.674026018,0.03,f,0.025
,2024-03-01,ENEL COLOMBIA SA ESP,4.8055607593645515e-05,4.8055607593645515e-05,0,2097503.2037954135,0.03,f,0.025
,2025-04-01,ENEL COLOMBIA SA ESP,4.346524575421567e-05,4.346524575421567e-05,0,2094634.3971070114,0.03,f,0.025
,2025-01-01,ENEL COLOMBIA SA ESP,4.249416372254895e-05,4.249416372254895e-05,0,2083440.3306149815,0.03,f,0.025
,2025-05-01,ENEL COLOMBIA SA ESP,4.8637416629060016e-05,4.8637416629060016e-05,0,2079061.226061203,0.03,f,0.025
,2024-09-01,ENEL COLOMBIA SA ESP,4.657137113876085e-05,4.657137113876085e-05,0,2073695.1916363651,0.03,f,0.025
,2025-01-01,ENEL COLOMBIA SA ESP,4.249419100717133e-05,4.249419100717133e-05,0,2055936.0572651422,0.03,f,0.025
,2025-06-01,ENEL COLOMBIA SA ESP,4.7572922276823025e-05,4.7572922276823025e-05,0,2054487.2523411596,0.03,f,0.025
,2024-12-01,ENEL COLOMBIA SA ESP,4.599339748947059e-05,4.599339748947059e-05,0,2048918.7388140948,0.03,f,0.025
,2025-03-01,ENEL COLOMBIA SA ESP,4.586743774788022e-05,4.586743774788022e-05,0,2041773.3549510383,0.03,f,0.025
,2026-03-01,ENEL COLOMBIA SA ESP,4.804002224144331e-05,4.804002224144331e-05,0,2040695.0157741972,0.03,f,0.025
,2025-05-01,ENEL COLOMBIA SA ESP,4.863746315887465e-05,4.863746315887465e-05,0,2038513.8589760237,0.03,f,0.025
,2025-02-01,ENEL COLOMBIA SA ESP,4.637829754421115e-05,4.637829754421115e-05,0,2026082.1504510643,0.03,f,0.025
,2025-04-01,ENEL COLOMBIA SA ESP,4.3465322516580016e-05,4.3465322516580016e-05,0,2019909.2090242058,0.03,f,0.025
,2025-03-01,ENEL COLOMBIA SA ESP,4.586746683091593e-05,4.586746683091593e-05,0,2015676.694628844,0.03,f,0.025
,2024-08-01,ENEL COLOMBIA SA ESP,4.3816434363963257e-05,4.3816434363963257e-05,0,2011631.0865985684,0.03,f,0.025
,2024-10-01,ENEL COLOMBIA SA ESP,4.5968722336035405e-05,4.5968722336035405e-05,0,2007714.7311168716,0.03,f,0.025
,2024-04-01,ENEL COLOMBIA SA ESP,4.376582038817276e-05,4.376582038817276e-05,0,2007166.7391419443,0.03,f,0.025
,2024-07-01,ENEL COLOMBIA SA ESP,4.659141786133988e-05,4.659141786133988e-05,0,2006963.9577129767,0.03,f,0.025
,2024-03-01,ENEL COLOMBIA SA ESP,4.805572788703904e-05,4.805572788703904e-05,0,1992863.0208496815,0.03,f,0.025
,2024-06-01,ENEL COLOMBIA SA ESP,4.667880630381637e-05,4.667880630381637e-05,0,1990483.4611313164,0.03,f,0.025
,2026-02-01,ENEL COLOMBIA SA ESP,4.802364689713567e-05,4.802364689713567e-05,0,1981858.620270169,0.03,f,0.025
,2024-11-01,ENEL COLOMBIA SA ESP,4.509764748021402e-05,4.509764748021402e-05,0,1980170.6291934487,0.03,f,0.025
,2024-05-01,ENEL COLOMBIA SA ESP,4.732019065635554e-05,4.732019065635554e-05,0,1979292.142751798,0.03,f,0.025
,2025-02-01,ENEL COLOMBIA SA ESP,4.637842864972332e-05,4.637842864972332e-05,0,1916319.9858541705,0.03,f,0.025
,2026-08-01,ENEL COLOMBIA SA ESP,4.60311954179247e-05,4.60311954179247e-05,0,418964.880377568,0.03,f,0.025
,2026-07-01,ENEL COLOMBIA SA ESP,4.921955163255896e-05,4.921955163255896e-05,0,413009.9808758131,0.03,f,0.025
,2024-09-01,ENEL COLOMBIA SA ESP,4.6580690756942386e-05,4.6580690756942386e-05,0,402661.60503430554,0.03,f,0.025
,2025-09-01,ENEL COLOMBIA SA ESP,5.0084337274143866e-05,5.0084337274143866e-05,0,398757.15652134805,0.03,f,0.025
,2025-09-01,ENEL COLOMBIA SA ESP,5.008438855015737e-05,5.008438855015737e-05,0,397135.4644918193,0.03,f,0.025
,2026-08-01,ENEL COLOMBIA SA ESP,4.6031929551170087e-05,4.6031929551170087e-05,0,392717.60232041974,0.03,f,0.025
,2026-07-01,ENEL COLOMBIA SA ESP,4.9220458027772285e-05,4.9220458027772285e-05,0,383811.2897943567,0.03,f,0.025
,2025-08-01,ENEL COLOMBIA SA ESP,4.728773674401389e-05,4.728773674401389e-05,0,379560.91607245937,0.03,f,0.025
,2024-10-01,ENEL COLOMBIA SA ESP,4.5978621618374456e-05,4.5978621618374456e-05,0,377121.09682963556,0.03,f,0.025
,2025-08-01,ENEL COLOMBIA SA ESP,4.7287834067441716e-05,4.7287834067441716e-05,0,376618.0809837347,0.03,f,0.025
,2026-07-01,ENEL COLOMBIA SA ESP,4.92207652835467e-05,4.92207652835467e-05,0,374828.365579825,0.03,f,0.025
,2024-09-01,ENEL COLOMBIA SA ESP,4.658159946476438e-05,4.658159946476438e-05,0,373328.53051018337,0.03,f,0.025
,2025-07-01,ENEL COLOMBIA SA ESP,4.963343139835795e-05,4.963343139835795e-05,0,372926.55796759494,0.03,f,0.025
,2026-06-01,ENEL COLOMBIA SA ESP,4.5601622318452297e-05,4.5601622318452297e-05,0,372834.3974234359,0.03,f,0.025
,2026-08-01,ENEL COLOMBIA SA ESP,4.603263282599222e-05,4.603263282599222e-05,0,370483.20533337764,0.03,f,0.025
,2024-08-01,ENEL COLOMBIA SA ESP,4.382614412909892e-05,4.382614412909892e-05,0,368564.5299748262,0.03,f,0.025
,2025-09-01,ENEL COLOMBIA SA ESP,5.0085388252216895e-05,5.0085388252216895e-05,0,367960.05872735975,0.03,f,0.025
,2026-05-01,ENEL COLOMBIA SA ESP,4.799913247284346e-05,4.799913247284346e-05,0,366719.54357902665,0.03,f,0.025
,2025-10-01,ENEL COLOMBIA SA ESP,4.892123575172319e-05,4.892123575172319e-05,0,366685.59370030556,0.03,f,0.025
,2024-07-01,ENEL COLOMBIA SA ESP,4.660180253374587e-05,4.660180253374587e-05,0,366668.7721694281,0.03,f,0.025
,2024-05-01,ENEL COLOMBIA SA ESP,4.733077447767209e-05,4.733077447767209e-05,0,364699.4629315068,0.03,f,0.025
,2025-05-01,ENEL COLOMBIA SA ESP,4.864846475114685e-05,4.864846475114685e-05,0,363289.864636806,0.03,f,0.025
,2025-06-01,ENEL COLOMBIA SA ESP,4.7583792246099326e-05,4.7583792246099326e-05,0,360781.9291662049,0.03,f,0.025
,2024-07-01,ENEL COLOMBIA SA ESP,4.660203532587815e-05,4.660203532587815e-05,0,360071.76431584405,0.03,f,0.025
,2024-03-01,ENEL COLOMBIA SA ESP,4.8066712037494935e-05,4.8066712037494935e-05,0,358729.4273675166,0.03,f,0.025
,2025-11-01,ENEL COLOMBIA SA ESP,4.8951454057852284e-05,4.8951454057852284e-05,0,358052.60882208176,0.03,f,0.025
,2024-06-01,ENEL COLOMBIA SA ESP,4.668951889051619e-05,4.668951889051619e-05,0,357466.73479725776,0.03,f,0.025
,2024-09-01,ENEL COLOMBIA SA ESP,4.6582166308620076e-05,4.6582166308620076e-05,0,357101.1724723377,0.03,f,0.025
,2025-04-01,ENEL COLOMBIA SA ESP,4.347536863123338e-05,4.347536863123338e-05,0,356318.1902264214,0.03,f,0.025
,2025-10-01,ENEL COLOMBIA SA ESP,4.892165126209931e-05,4.892165126209931e-05,0,355607.43563446536,0.03,f,0.025
,2026-03-01,ENEL COLOMBIA SA ESP,4.805119896678551e-05,4.805119896678551e-05,0,355026.93250676146,0.03,f,0.025
,2024-08-01,ENEL COLOMBIA SA ESP,4.382660128289894e-05,4.382660128289894e-05,0,354915.9961552155,0.03,f,0.025
,2024-10-01,ENEL COLOMBIA SA ESP,4.5979400110407515e-05,4.5979400110407515e-05,0,354480.5648339338,0.03,f,0.025
,2025-07-01,ENEL COLOMBIA SA ESP,4.963414914840968e-05,4.963414914840968e-05,0,353839.2496108596,0.03,f,0.025
,2026-06-01,ENEL COLOMBIA SA ESP,4.560234697989092e-05,4.560234697989092e-05,0,351975.1197211447,0.03,f,0.025
,2024-04-01,ENEL COLOMBIA SA ESP,4.377607998109958e-05,4.377607998109958e-05,0,351798.82793393283,0.03,f,0.025
,2026-01-01,ENEL COLOMBIA SA ESP,4.9127084278204084e-05,4.9127084278204084e-05,0,350948.63856644306,0.03,f,0.025
,2025-12-01,ENEL COLOMBIA SA ESP,4.993609735342397e-05,4.993609735342397e-05,0,350410.42743232433,0.03,f,0.025
,2026-04-01,ENEL COLOMBIA SA ESP,4.278918922310747e-05,4.278918922310747e-05,0,349563.36574820546,0.03,f,0.025
,2025-11-01,ENEL COLOMBIA SA ESP,4.8951840458328786e-05,4.8951840458328786e-05,0,348208.43082766107,0.03,f,0.025
,2025-08-01,ENEL COLOMBIA SA ESP,4.7289025540069924e-05,4.7289025540069924e-05,0,343969.0374122067,0.03,f,0.025
,2025-03-01,ENEL COLOMBIA SA ESP,4.587852591119716e-05,4.587852591119716e-05,0,343958.72854784835,0.03,f,0.025
,2025-07-01,ENEL COLOMBIA SA ESP,4.963459520652662e-05,4.963459520652662e-05,0,342931.2125180546,0.03,f,0.025
,2025-12-01,ENEL COLOMBIA SA ESP,4.99364341112773e-05,4.99364341112773e-05,0,342318.81911421387,0.03,f,0.025
,2025-02-01,ENEL COLOMBIA SA ESP,4.638956158759201e-05,4.638956158759201e-05,0,342182.771630882,0.03,f,0.025
,2026-01-01,ENEL COLOMBIA SA ESP,4.912745035196433e-05,4.912745035196433e-05,0,342002.3280805103,0.03,f,0.025
,2024-12-01,ENEL COLOMBIA SA ESP,4.6004682686636994e-05,4.6004682686636994e-05,0,339923.5479164919,0.03,f,0.025
,2024-08-01,ENEL COLOMBIA SA ESP,4.382716499280392e-05,4.382716499280392e-05,0,339417.14283435117,0.03,f,0.025
,2025-05-01,ENEL COLOMBIA SA ESP,4.86494067739616e-05,4.86494067739616e-05,0,339407.02724181407,0.03,f,0.025
,2024-11-01,ENEL COLOMBIA SA ESP,4.510868302288298e-05,4.510868302288298e-05,0,338734.6316838252,0.03,f,0.025
,2025-06-01,ENEL COLOMBIA SA ESP,4.758465249336202e-05,4.758465249336202e-05,0,338685.3141165708,0.03,f,0.025
,2026-03-01,ENEL COLOMBIA SA ESP,4.805186991735951e-05,4.805186991735951e-05,0,338253.8582651815,0.03,f,0.025
,2024-07-01,ENEL COLOMBIA SA ESP,4.6602926253953215e-05,4.6602926253953215e-05,0,336875.5598857855,0.03,f,0.025
,2024-05-01,ENEL COLOMBIA SA ESP,4.7331872333941035e-05,4.7331872333941035e-05,0,336247.3251171492,0.03,f,0.025
,2024-05-01,ENEL COLOMBIA SA ESP,4.7331875661234805e-05,4.7331875661234805e-05,0,336167.8407710517,0.03,f,0.025
,2024-12-01,ENEL COLOMBIA SA ESP,4.6004953701040404e-05,4.6004953701040404e-05,0,333248.30195229227,0.03,f,0.025
,2024-10-01,ENEL COLOMBIA SA ESP,4.598025236283453e-05,4.598025236283453e-05,0,332619.6762933694,0.03,f,0.025
,2025-03-01,ENEL COLOMBIA SA ESP,4.587898054142363e-05,4.587898054142363e-05,0,332618.3478668905,0.03,f,0.025
,2025-10-01,ENEL COLOMBIA SA ESP,4.892261238094479e-05,4.892261238094479e-05,0,332379.87265691964,0.03,f,0.025
,2025-11-01,ENEL COLOMBIA SA ESP,4.8952528906496265e-05,4.8952528906496265e-05,0,331947.84943652607,0.03,f,0.025
,2025-01-01,ENEL COLOMBIA SA ESP,4.2504938302711047e-05,4.2504938302711047e-05,0,331604.505218988,0.03,f,0.025
,2024-06-01,ENEL COLOMBIA SA ESP,4.6690572444552455e-05,4.6690572444552455e-05,0,330777.8205374381,0.03,f,0.025
,2026-06-01,ENEL COLOMBIA SA ESP,4.56031929847339e-05,4.56031929847339e-05,0,330394.97170033463,0.03,f,0.025
,2024-06-01,ENEL COLOMBIA SA ESP,4.6690595024579686e-05,4.6690595024579686e-05,0,330249.36930384685,0.03,f,0.025
,2025-01-01,ENEL COLOMBIA SA ESP,4.2505014236774297e-05,4.2505014236774297e-05,0,329651.05168485636,0.03,f,0.025
,2024-04-01,ENEL COLOMBIA SA ESP,4.377693877990229e-05,4.377693877990229e-05,0,329080.5897549237,0.03,f,0.025
,2025-06-01,ENEL COLOMBIA SA ESP,4.758506342117777e-05,4.758506342117777e-05,0,329058.2040588776,0.03,f,0.025
,2024-03-01,ENEL COLOMBIA SA ESP,4.806806931453814e-05,4.806806931453814e-05,0,325725.61891030945,0.03,f,0.025
,2024-04-01,ENEL COLOMBIA SA ESP,4.377708524989705e-05,4.377708524989705e-05,0,325495.64327941823,0.03,f,0.025
,2025-05-01,ENEL COLOMBIA SA ESP,4.865005539306006e-05,4.865005539306006e-05,0,324709.12208176544,0.03,f,0.025
,2026-01-01,ENEL COLOMBIA SA ESP,4.9128263632208635e-05,4.9128263632208635e-05,0,323671.72356732807,0.03,f,0.025
,2025-04-01,ENEL COLOMBIA SA ESP,4.347664687933801e-05,4.347664687933801e-05,0,322520.35571673926,0.03,f,0.025
,2026-05-01,ENEL COLOMBIA SA ESP,4.80009313473005e-05,4.80009313473005e-05,0,322398.23371291294,0.03,f,0.025
,2026-03-01,ENEL COLOMBIA SA ESP,4.805258617788824e-05,4.805258617788824e-05,0,322013.13214504806,0.03,f,0.025
,2025-04-01,ENEL COLOMBIA SA ESP,4.347671677654277e-05,4.347671677654277e-05,0,320856.1542287588,0.03,f,0.025
,2025-02-01,ENEL COLOMBIA SA ESP,4.639050052859079e-05,4.639050052859079e-05,0,320012.54758627404,0.03,f,0.025
,2024-03-01,ENEL COLOMBIA SA ESP,4.8068381338403415e-05,4.8068381338403415e-05,0,318979.11751058773,0.03,f,0.025
,2026-04-01,ENEL COLOMBIA SA ESP,4.279036880542091e-05,4.279036880542091e-05,0,318830.4270825017,0.03,f,0.025
,2026-04-01,ENEL COLOMBIA SA ESP,4.2790390082273715e-05,4.2790390082273715e-05,0,318325.6159754273,0.03,f,0.025
,2024-11-01,ENEL COLOMBIA SA ESP,4.5109538600899636e-05,4.5109538600899636e-05,0,318279.7810526036,0.03,f,0.025
,2025-12-01,ENEL COLOMBIA SA ESP,4.9937639713541694e-05,4.9937639713541694e-05,0,316180.4121942674,0.03,f,0.025
,2026-02-01,ENEL COLOMBIA SA ESP,4.803646153696397e-05,4.803646153696397e-05,0,315147.87629123987,0.03,f,0.025
,2024-12-01,ENEL COLOMBIA SA ESP,4.6005841066001e-05,4.6005841066001e-05,0,313115.6624488892,0.03,f,0.025
,2026-05-01,ENEL COLOMBIA SA ESP,4.800139754646697e-05,4.800139754646697e-05,0,312606.77154066664,0.03,f,0.025
,2025-02-01,ENEL COLOMBIA SA ESP,4.639102473935907e-05,4.639102473935907e-05,0,308840.9705198466,0.03,f,0.025
,2025-01-01,ENEL COLOMBIA SA ESP,4.2506000863618485e-05,4.2506000863618485e-05,0,306212.9464767698,0.03,f,0.025
,2025-03-01,ENEL COLOMBIA SA ESP,4.588018825467026e-05,4.588018825467026e-05,0,305832.21312754834,0.03,f,0.025
,2024-11-01,ENEL COLOMBIA SA ESP,4.5110220659709885e-05,4.5110220659709885e-05,0,303661.7458786397,0.03,f,0.025
,2026-02-01,ENEL COLOMBIA SA ESP,4.803707158844023e-05,4.803707158844023e-05,0,303016.3966824553,0.03,f,0.025
,2026-02-01,ENEL COLOMBIA SA ESP,4.803827224835129e-05,4.803827224835129e-05,0,281675.98756162566,0.03,f,0.025
,2026-08-01,ENEL COLOMBIA SA ESP,4.6040393190291706e-05,4.6040393190291706e-05,0,228025.60102248436,0.03,f,0.025
,2026-01-01,ENEL COLOMBIA SA ESP,4.9135872519060145e-05,4.9135872519060145e-05,0,215572.59749131184,0.03,f,0.025
,2026-07-01,ENEL COLOMBIA SA ESP,4.923046615944521e-05,4.923046615944521e-05,0,215549.55241216885,0.03,f,0.025
,2026-05-01,ENEL COLOMBIA SA ESP,4.8008333514653176e-05,4.8008333514653176e-05,0,215316.74803315685,0.03,f,0.025
,2025-12-01,ENEL COLOMBIA SA ESP,4.994525115700333e-05,4.994525115700333e-05,0,213336.83760937492,0.03,f,0.025
,2026-06-01,ENEL COLOMBIA SA ESP,4.5610994654272526e-05,4.5610994654272526e-05,0,211060.81539850752,0.03,f,0.025
,2026-04-01,ENEL COLOMBIA SA ESP,4.279735792214866e-05,4.279735792214866e-05,0,209629.78242112685,0.03,f,0.025
,2025-07-01,ENEL COLOMBIA SA ESP,4.964382643268518e-05,4.964382643268518e-05,0,209361.99287207768,0.03,f,0.025
,2025-08-01,ENEL COLOMBIA SA ESP,4.729787388626644e-05,4.729787388626644e-05,0,209253.05148839115,0.03,f,0.025
,2025-01-01,ENEL COLOMBIA SA ESP,4.2512618664904403e-05,4.2512618664904403e-05,0,207334.68994108285,0.03,f,0.025
,2026-03-01,ENEL COLOMBIA SA ESP,4.8060959513161325e-05,4.8060959513161325e-05,0,206247.638132542,0.03,f,0.025
,2025-06-01,ENEL COLOMBIA SA ESP,4.759383748148064e-05,4.759383748148064e-05,0,204775.15312644077,0.03,f,0.025
,2024-07-01,ENEL COLOMBIA SA ESP,4.6611902569770575e-05,4.6611902569770575e-05,0,204283.66427846855,0.03,f,0.025
,2025-05-01,ENEL COLOMBIA SA ESP,4.8659027472075283e-05,4.8659027472075283e-05,0,203068.16779098686,0.03,f,0.025
,2024-12-01,ENEL COLOMBIA SA ESP,4.601383020311195e-05,4.601383020311195e-05,0,202806.39242619142,0.03,f,0.025
,2025-10-01,ENEL COLOMBIA SA ESP,4.8932025283697626e-05,4.8932025283697626e-05,0,202707.19916756434,0.03,f,0.025
,2025-11-01,ENEL COLOMBIA SA ESP,4.896206629956845e-05,4.896206629956845e-05,0,201555.90759810832,0.03,f,0.025
,2024-08-01,ENEL COLOMBIA SA ESP,4.3836014948811074e-05,4.3836014948811074e-05,0,201364.94815958425,0.03,f,0.025
,2025-04-01,ENEL COLOMBIA SA ESP,4.34847758966722e-05,4.34847758966722e-05,0,201170.70836150603,0.03,f,0.025
,2026-02-01,ENEL COLOMBIA SA ESP,4.804510959411823e-05,4.804510959411823e-05,0,201045.60400449505,0.03,f,0.025
,2024-09-01,ENEL COLOMBIA SA ESP,4.659254624923827e-05,4.659254624923827e-05,0,198836.46149902447,0.03,f,0.025
,2024-06-01,ENEL COLOMBIA SA ESP,4.67001685671703e-05,4.67001685671703e-05,0,196886.9109935266,0.03,f,0.025
,2025-09-01,ENEL COLOMBIA SA ESP,5.009722023447716e-05,5.009722023447716e-05,0,196823.64506214418,0.03,f,0.025
,2024-10-01,ENEL COLOMBIA SA ESP,4.598985300443894e-05,4.598985300443894e-05,0,196268.66556506607,0.03,f,0.025
,2025-02-01,ENEL COLOMBIA SA ESP,4.639978912642206e-05,4.639978912642206e-05,0,195016.69712956017,0.03,f,0.025
,2025-03-01,ENEL COLOMBIA SA ESP,4.588902515642428e-05,4.588902515642428e-05,0,192438.00216145127,0.03,f,0.025
,2024-03-01,ENEL COLOMBIA SA ESP,4.807915536888039e-05,4.807915536888039e-05,0,185973.82769402108,0.03,f,0.025
,2024-05-01,ENEL COLOMBIA SA ESP,4.734337463809726e-05,4.734337463809726e-05,0,185018.55388811757,0.03,f,0.025
,2024-11-01,ENEL COLOMBIA SA ESP,4.5120184847481256e-05,4.5120184847481256e-05,0,181728.34225821338,0.03,f,0.025
,2024-04-01,ENEL COLOMBIA SA ESP,4.378781554818838e-05,4.378781554818838e-05,0,181024.53978052747,0.03,f,0.025
,2026-01-01,ENEL COLOMBIA SA ESP,4.914077196609349e-05,4.914077196609349e-05,0,177418.42179772674,0.03,f,0.025
,2025-12-01,ENEL COLOMBIA SA ESP,4.9950246627006355e-05,4.9950246627006355e-05,0,175806.2159678049,0.03,f,0.025
,2025-07-01,ENEL COLOMBIA SA ESP,4.964837043565352e-05,4.964837043565352e-05,0,175679.79615928026,0.03,f,0.025
,2026-08-01,ENEL COLOMBIA SA ESP,4.6046529115153566e-05,4.6046529115153566e-05,0,174862.36740520122,0.03,f,0.025
,2025-08-01,ENEL COLOMBIA SA ESP,4.730241622756286e-05,4.730241622756286e-05,0,174224.19865778426,0.03,f,0.025
,2025-01-01,ENEL COLOMBIA SA ESP,4.2516528397741636e-05,4.2516528397741636e-05,0,174118.13304706506,0.03,f,0.025
,2024-08-01,ENEL COLOMBIA SA ESP,4.3839681441067905e-05,4.3839681441067905e-05,0,172326.62210440807,0.03,f,0.025
,2024-07-01,ENEL COLOMBIA SA ESP,4.661624536164001e-05,4.661624536164001e-05,0,171606.0108142239,0.03,f,0.025
,2026-07-01,ENEL COLOMBIA SA ESP,4.9236610532459564e-05,4.9236610532459564e-05,0,169837.91023051046,0.03,f,0.025
,2025-05-01,ENEL COLOMBIA SA ESP,4.86637359010601e-05,4.86637359010601e-05,0,169705.28104035984,0.03,f,0.025
,2025-06-01,ENEL COLOMBIA SA ESP,4.759866279762973e-05,4.759866279762973e-05,0,169556.09435927175,0.03,f,0.025
,2024-09-01,ENEL COLOMBIA SA ESP,4.6596760801702466e-05,4.6596760801702466e-05,0,168512.76075612742,0.03,f,0.025
,2025-02-01,ENEL COLOMBIA SA ESP,4.6403567807740756e-05,4.6403567807740756e-05,0,168277.6921181757,0.03,f,0.025
,2025-04-01,ENEL COLOMBIA SA ESP,4.348900736805208e-05,4.348900736805208e-05,0,168223.32308524626,0.03,f,0.025
,2024-12-01,ENEL COLOMBIA SA ESP,4.6018533899371544e-05,4.6018533899371544e-05,0,167966.99958776045,0.03,f,0.025
,2025-10-01,ENEL COLOMBIA SA ESP,4.893708341934869e-05,4.893708341934869e-05,0,167576.03386592647,0.03,f,0.025
,2025-11-01,ENEL COLOMBIA SA ESP,4.896712638098473e-05,4.896712638098473e-05,0,166794.95781820096,0.03,f,0.025
,2024-06-01,ENEL COLOMBIA SA ESP,4.6704532834433685e-05,4.6704532834433685e-05,0,166276.9777509982,0.03,f,0.025
,2026-06-01,ENEL COLOMBIA SA ESP,4.561684929699041e-05,4.561684929699041e-05,0,166052.75726498011,0.03,f,0.025
,2026-05-01,ENEL COLOMBIA SA ESP,4.8014949585495445e-05,4.8014949585495445e-05,0,166028.3035909267,0.03,f,0.025
,2025-09-01,ENEL COLOMBIA SA ESP,5.0102012014114356e-05,5.0102012014114356e-05,0,165626.73894298304,0.03,f,0.025
,2024-10-01,ENEL COLOMBIA SA ESP,4.5994186936910206e-05,4.5994186936910206e-05,0,165620.38602958806,0.03,f,0.025
,2026-02-01,ENEL COLOMBIA SA ESP,4.805025327772047e-05,4.805025327772047e-05,0,165422.6063132204,0.03,f,0.025
,2026-03-01,ENEL COLOMBIA SA ESP,4.8067234025852055e-05,4.8067234025852055e-05,0,162477.3111829981,0.03,f,0.025
,2025-03-01,ENEL COLOMBIA SA ESP,4.589343488499484e-05,4.589343488499484e-05,0,162392.15038566137,0.03,f,0.025
,2024-05-01,ENEL COLOMBIA SA ESP,4.734762356420443e-05,4.734762356420443e-05,0,158659.17837459446,0.03,f,0.025
,2026-04-01,ENEL COLOMBIA SA ESP,4.280391989736594e-05,4.280391989736594e-05,0,158621.58124834884,0.03,f,0.025
,2024-03-01,ENEL COLOMBIA SA ESP,4.808376897603903e-05,4.808376897603903e-05,0,157798.3365664992,0.03,f,0.025
,2024-11-01,ENEL COLOMBIA SA ESP,4.512473509328221e-05,4.512473509328221e-05,0,153568.6374654134,0.03,f,0.025
,2024-04-01,ENEL COLOMBIA SA ESP,4.3792145475188214e-05,4.3792145475188214e-05,0,153527.24088313527,0.03,f,0.025
,2024-12-01,ENEL COLOMBIA SA ESP,4.603046514274512e-05,4.603046514274512e-05,0,116989.19520720781,0.03,f,0.025
,2024-09-01,ENEL COLOMBIA SA ESP,4.660896271175598e-05,4.660896271175598e-05,0,116898.3550647226,0.03,f,0.025
,2024-10-01,ENEL COLOMBIA SA ESP,4.600611543261111e-05,4.600611543261111e-05,0,115835.2731830508,0.03,f,0.025
,2026-01-01,ENEL COLOMBIA SA ESP,4.9155498924170634e-05,4.9155498924170634e-05,0,115808.10339332242,0.03,f,0.025
,2026-08-01,ENEL COLOMBIA SA ESP,4.6060035192153075e-05,4.6060035192153075e-05,0,115558.87468084063,0.03,f,0.025
,2025-02-01,ENEL COLOMBIA SA ESP,4.641621502117455e-05,4.641621502117455e-05,0,115344.76457558728,0.03,f,0.025
,2025-04-01,ENEL COLOMBIA SA ESP,4.350092974371312e-05,4.350092974371312e-05,0,115106.88830946172,0.03,f,0.025
,2025-09-01,ENEL COLOMBIA SA ESP,5.0115286387938264e-05,5.0115286387938264e-05,0,115091.46858460769,0.03,f,0.025
,2025-01-01,ENEL COLOMBIA SA ESP,4.252918415764095e-05,4.252918415764095e-05,0,114657.79516775013,0.03,f,0.025
,2024-05-01,ENEL COLOMBIA SA ESP,4.735910001973615e-05,4.735910001973615e-05,0,114570.92791075143,0.03,f,0.025
,2024-07-01,ENEL COLOMBIA SA ESP,4.6630049336910465e-05,4.6630049336910465e-05,0,113762.77698917716,0.03,f,0.025
,2024-08-01,ENEL COLOMBIA SA ESP,4.3852806807278456e-05,4.3852806807278456e-05,0,113654.21493360121,0.03,f,0.025
,2025-06-01,ENEL COLOMBIA SA ESP,4.7612522032104696e-05,4.7612522032104696e-05,0,113492.48444940001,0.03,f,0.025
,2026-07-01,ENEL COLOMBIA SA ESP,4.9251081417721374e-05,4.9251081417721374e-05,0,113266.352252208,0.03,f,0.025
,2025-07-01,ENEL COLOMBIA SA ESP,4.9664032453460625e-05,4.9664032453460625e-05,0,113012.76023089829,0.03,f,0.025
,2025-11-01,ENEL COLOMBIA SA ESP,4.898127183013464e-05,4.898127183013464e-05,0,112538.07644993078,0.03,f,0.025
,2026-03-01,ENEL COLOMBIA SA ESP,4.80804145082887e-05,4.80804145082887e-05,0,112378.66579668598,0.03,f,0.025
,2025-12-01,ENEL COLOMBIA SA ESP,4.996627754312664e-05,4.996627754312664e-05,0,112368.59928230017,0.03,f,0.025
,2025-10-01,ENEL COLOMBIA SA ESP,4.8951450170185254e-05,4.8951450170185254e-05,0,112297.06990923114,0.03,f,0.025
,2025-08-01,ENEL COLOMBIA SA ESP,4.7317551011423915e-05,4.7317551011423915e-05,0,111842.47738751477,0.03,f,0.025
,2024-06-01,ENEL COLOMBIA SA ESP,4.671838997513537e-05,4.671838997513537e-05,0,111323.54275564603,0.03,f,0.025
,2025-05-01,ENEL COLOMBIA SA ESP,4.867880713389655e-05,4.867880713389655e-05,0,111217.27853604373,0.03,f,0.025
,2026-06-01,ENEL COLOMBIA SA ESP,4.5630386361099616e-05,4.5630386361099616e-05,0,111215.80899402154,0.03,f,0.025
,2026-04-01,ENEL COLOMBIA SA ESP,4.281547315238047e-05,4.281547315238047e-05,0,111047.87008132706,0.03,f,0.025
,2025-03-01,ENEL COLOMBIA SA ESP,4.590677034705038e-05,4.590677034705038e-05,0,110308.70736774943,0.03,f,0.025
,2026-05-01,ENEL COLOMBIA SA ESP,4.802965586917256e-05,4.802965586917256e-05,0,110038.00358148076,0.03,f,0.025
,2024-11-01,ENEL COLOMBIA SA ESP,4.513652247271304e-05,4.513652247271304e-05,0,109581.54487107418,0.03,f,0.025
,2024-04-01,ENEL COLOMBIA SA ESP,4.380398196455828e-05,4.380398196455828e-05,0,108481.72955817959,0.03,f,0.025
,2024-03-01,ENEL COLOMBIA SA ESP,4.809795545699551e-05,4.809795545699551e-05,0,107649.1150012644,0.03,f,0.025
,2026-02-01,ENEL COLOMBIA SA ESP,4.806598750066738e-05,4.806598750066738e-05,0,107277.29077612382,0.03,f,0.025
,2026-08-01,ENEL COLOMBIA SA ESP,4.6063601382581757e-05,4.6063601382581757e-05,0,106061.23063426994,0.03,f,0.025
,2026-07-01,ENEL COLOMBIA SA ESP,4.925443387513437e-05,4.925443387513437e-05,0,105152.08062173956,0.03,f,0.025
,2025-09-01,ENEL COLOMBIA SA ESP,5.011944460758085e-05,5.011944460758085e-05,0,105050.92121447426,0.03,f,0.025
,2026-08-01,ENEL COLOMBIA SA ESP,4.606443800266977e-05,4.606443800266977e-05,0,104054.9164299221,0.03,f,0.025
,2024-09-01,ENEL COLOMBIA SA ESP,4.661445223414936e-05,4.661445223414936e-05,0,102740.81252829573,0.03,f,0.025
,2025-09-01,ENEL COLOMBIA SA ESP,5.0120791482300016e-05,5.0120791482300016e-05,0,102164.01945975628,0.03,f,0.025
,2025-08-01,ENEL COLOMBIA SA ESP,4.732186698275573e-05,4.732186698275573e-05,0,101480.69127802995,0.03,f,0.025
,2026-07-01,ENEL COLOMBIA SA ESP,4.9256563032186165e-05,4.9256563032186165e-05,0,100576.06301590604,0.03,f,0.025
,2025-10-01,ENEL COLOMBIA SA ESP,4.8957456796612443e-05,4.8957456796612443e-05,0,98686.4590711865,0.03,f,0.025
,2025-08-01,ENEL COLOMBIA SA ESP,4.732320997190414e-05,4.732320997190414e-05,0,98637.1323375282,0.03,f,0.025
,2024-09-01,ENEL COLOMBIA SA ESP,4.6616749917000265e-05,4.6616749917000265e-05,0,97783.99672042274,0.03,f,0.025
,2026-06-01,ENEL COLOMBIA SA ESP,4.563622264127953e-05,4.563622264127953e-05,0,97354.7620821954,0.03,f,0.025
,2025-07-01,ENEL COLOMBIA SA ESP,4.967138986466879e-05,4.967138986466879e-05,0,96793.18643501488,0.03,f,0.025
,2024-08-01,ENEL COLOMBIA SA ESP,4.3859710975545826e-05,4.3859710975545826e-05,0,96391.1254975465,0.03,f,0.025
,2025-07-01,ENEL COLOMBIA SA ESP,4.967178347941888e-05,4.967178347941888e-05,0,96055.65383214835,0.03,f,0.025
,2024-08-01,ENEL COLOMBIA SA ESP,4.385989419381835e-05,4.385989419381835e-05,0,96004.1527242678,0.03,f,0.025
,2024-10-01,ENEL COLOMBIA SA ESP,4.6014450478879206e-05,4.6014450478879206e-05,0,95728.23542582673,0.03,f,0.025
,2024-07-01,ENEL COLOMBIA SA ESP,4.663826848072153e-05,4.663826848072153e-05,0,94747.22360459296,0.03,f,0.025
,2025-10-01,ENEL COLOMBIA SA ESP,4.8959666546371276e-05,4.8959666546371276e-05,0,94474.01602695833,0.03,f,0.025
,2024-11-01,ENEL COLOMBIA SA ESP,4.5143324879333984e-05,4.5143324879333984e-05,0,94037.3438083874,0.03,f,0.025
,2026-06-01,ENEL COLOMBIA SA ESP,4.563808742904966e-05,4.563808742904966e-05,0,93626.37498468353,0.03,f,0.025
,2025-05-01,ENEL COLOMBIA SA ESP,4.868709213221396e-05,4.868709213221396e-05,0,93502.4117650405,0.03,f,0.025
,2025-11-01,ENEL COLOMBIA SA ESP,4.899019022738827e-05,4.899019022738827e-05,0,93385.71134402147,0.03,f,0.025
,2025-06-01,ENEL COLOMBIA SA ESP,4.762182526534928e-05,4.762182526534928e-05,0,92877.89519132175,0.03,f,0.025
,2026-01-01,ENEL COLOMBIA SA ESP,4.9166012602197236e-05,4.9166012602197236e-05,0,92801.54864280779,0.03,f,0.025
,2024-05-01,ENEL COLOMBIA SA ESP,4.736896171300483e-05,4.736896171300483e-05,0,92486.7640459364,0.03,f,0.025
,2024-10-01,ENEL COLOMBIA SA ESP,4.601617280609883e-05,4.601617280609883e-05,0,92413.48920267512,0.03,f,0.025
,2026-03-01,ENEL COLOMBIA SA ESP,4.808980090669824e-05,4.808980090669824e-05,0,92145.0710884002,0.03,f,0.025
,2025-06-01,ENEL COLOMBIA SA ESP,4.7622261812740195e-05,4.7622261812740195e-05,0,92092.96411841804,0.03,f,0.025
,2025-12-01,ENEL COLOMBIA SA ESP,4.997653954592741e-05,4.997653954592741e-05,0,91283.37961237924,0.03,f,0.025
,2024-06-01,ENEL COLOMBIA SA ESP,4.6727649634924896e-05,4.6727649634924896e-05,0,91185.7791208933,0.03,f,0.025
,2024-03-01,ENEL COLOMBIA SA ESP,4.810602660634422e-05,4.810602660634422e-05,0,91165.48279241053,0.03,f,0.025
,2024-07-01,ENEL COLOMBIA SA ESP,4.6640381963845794e-05,4.6640381963845794e-05,0,90842.67439944104,0.03,f,0.025
,2025-12-01,ENEL COLOMBIA SA ESP,4.997684160081884e-05,4.997684160081884e-05,0,90781.97705645606,0.03,f,0.025
,2026-05-01,ENEL COLOMBIA SA ESP,4.8038996953239e-05,4.8038996953239e-05,0,90625.72557488701,0.03,f,0.025
,2026-01-01,ENEL COLOMBIA SA ESP,4.916737270702516e-05,4.916737270702516e-05,0,90476.3220275338,0.03,f,0.025
,2025-11-01,ENEL COLOMBIA SA ESP,4.8991990284146954e-05,4.8991990284146954e-05,0,90284.47139233512,0.03,f,0.025
,2025-01-01,ENEL COLOMBIA SA ESP,4.25396060635683e-05,4.25396060635683e-05,0,89491.28316689937,0.03,f,0.025
,2025-04-01,ENEL COLOMBIA SA ESP,4.3511746907254e-05,4.3511746907254e-05,0,89474.33898442834,0.03,f,0.025
,2024-04-01,ENEL COLOMBIA SA ESP,4.381255499469451e-05,4.381255499469451e-05,0,89468.79685032736,0.03,f,0.025
,2024-06-01,ENEL COLOMBIA SA ESP,4.6728709340008705e-05,4.6728709340008705e-05,0,89336.3303058024,0.03,f,0.025
,2025-03-01,ENEL COLOMBIA SA ESP,4.5916904001324934e-05,4.5916904001324934e-05,0,88692.49730195825,0.03,f,0.025
,2025-01-01,ENEL COLOMBIA SA ESP,4.25400631399111e-05,4.25400631399111e-05,0,88638.02372791893,0.03,f,0.025
,2026-05-01,ENEL COLOMBIA SA ESP,4.804023518593246e-05,4.804023518593246e-05,0,88554.86336361445,0.03,f,0.025
,2024-12-01,ENEL COLOMBIA SA ESP,4.6043401922744e-05,4.6043401922744e-05,0,88022.88141254308,0.03,f,0.025
,2025-04-01,ENEL COLOMBIA SA ESP,4.351264579420388e-05,4.351264579420388e-05,0,87848.72425144643,0.03,f,0.025
,2024-12-01,ENEL COLOMBIA SA ESP,4.604356443630983e-05,4.604356443630983e-05,0,87749.94733142114,0.03,f,0.025
,2026-02-01,ENEL COLOMBIA SA ESP,4.8076048243010185e-05,4.8076048243010185e-05,0,87590.9930137367,0.03,f,0.025
,2026-04-01,ENEL COLOMBIA SA ESP,4.282595475893774e-05,4.282595475893774e-05,0,87294.93435799994,0.03,f,0.025
,2026-03-01,ENEL COLOMBIA SA ESP,4.8092745465575675e-05,4.8092745465575675e-05,0,87218.77601908821,0.03,f,0.025
,2024-04-01,ENEL COLOMBIA SA ESP,4.3813863225894786e-05,4.3813863225894786e-05,0,87138.28314390054,0.03,f,0.025
,2026-04-01,ENEL COLOMBIA SA ESP,4.2826251670608506e-05,4.2826251670608506e-05,0,86769.19313095513,0.03,f,0.025
,2025-02-01,ENEL COLOMBIA SA ESP,4.643000374886383e-05,4.643000374886383e-05,0,85889.2040241455,0.03,f,0.025
,2025-02-01,ENEL COLOMBIA SA ESP,4.643003684704522e-05,4.643003684704522e-05,0,85836.5875447841,0.03,f,0.025
,2025-03-01,ENEL COLOMBIA SA ESP,4.591874922191046e-05,4.591874922191046e-05,0,85636.785977662,0.03,f,0.025
,2024-11-01,ENEL COLOMBIA SA ESP,4.5148419692072574e-05,4.5148419692072574e-05,0,85006.11600569708,0.03,f,0.025
,2024-03-01,ENEL COLOMBIA SA ESP,4.811019967858102e-05,4.811019967858102e-05,0,84477.37332633098,0.03,f,0.025
,2024-05-01,ENEL COLOMBIA SA ESP,4.737385238535725e-05,4.737385238535725e-05,0,84417.12403927735,0.03,f,0.025
,2025-05-01,ENEL COLOMBIA SA ESP,4.869274187998046e-05,4.869274187998046e-05,0,84341.40711493058,0.03,f,0.025
,2026-02-01,ENEL COLOMBIA SA ESP,4.808169656171242e-05,4.808169656171242e-05,0,79409.7507690915,0.03,f,0.025
,2026-08-01,ENEL COLOMBIA SA ESP,4.6091265682236875e-05,4.6091265682236875e-05,0,64767.4565444524,0.03,f,0.025
,2026-07-01,ENEL COLOMBIA SA ESP,4.928491226143853e-05,4.928491226143853e-05,0,63678.57979522141,0.03,f,0.025
,2026-05-01,ENEL COLOMBIA SA ESP,4.806342621921791e-05,4.806342621921791e-05,0,62014.33218946178,0.03,f,0.025
,2026-06-01,ENEL COLOMBIA SA ESP,4.56635158665376e-05,4.56635158665376e-05,0,61506.440376741906,0.03,f,0.025
,2026-08-01,ENEL COLOMBIA SA ESP,4.609532496853762e-05,4.609532496853762e-05,0,61267.306162702254,0.03,f,0.025
,2026-01-01,ENEL COLOMBIA SA ESP,4.919383247914593e-05,4.919383247914593e-05,0,60826.75171346843,0.03,f,0.025
,2024-07-01,ENEL COLOMBIA SA ESP,4.666610909148539e-05,4.666610909148539e-05,0,60495.41929269681,0.03,f,0.025
,2025-07-01,ENEL COLOMBIA SA ESP,4.97025857965381e-05,4.97025857965381e-05,0,60174.78210751965,0.03,f,0.025
,2024-12-01,ENEL COLOMBIA SA ESP,4.6067843235827394e-05,4.6067843235827394e-05,0,59969.894720165255,0.03,f,0.025
,2026-08-01,ENEL COLOMBIA SA ESP,4.6096967932062444e-05,4.6096967932062444e-05,0,59955.891706419854,0.03,f,0.025
,2025-08-01,ENEL COLOMBIA SA ESP,4.735444448460863e-05,4.735444448460863e-05,0,59718.91398959124,0.03,f,0.025
,2024-08-01,ENEL COLOMBIA SA ESP,4.3887641528189744e-05,4.3887641528189744e-05,0,59704.477247252566,0.03,f,0.025
,2025-12-01,ENEL COLOMBIA SA ESP,5.000547740787346e-05,5.000547740787346e-05,0,59696.042511559914,0.03,f,0.025
,2026-07-01,ENEL COLOMBIA SA ESP,4.9290068601276946e-05,4.9290068601276946e-05,0,59695.285255395844,0.03,f,0.025
,2024-06-01,ENEL COLOMBIA SA ESP,4.675471412887407e-05,4.675471412887407e-05,0,59648.29071794385,0.03,f,0.025
,2025-01-01,ENEL COLOMBIA SA ESP,4.2563439784443704e-05,4.2563439784443704e-05,0,59583.22814709018,0.03,f,0.025
,2024-09-01,ENEL COLOMBIA SA ESP,4.664742719651507e-05,4.664742719651507e-05,0,59473.915264444986,0.03,f,0.025
,2025-09-01,ENEL COLOMBIA SA ESP,5.015599565856415e-05,5.015599565856415e-05,0,59456.83664946403,0.03,f,0.025
,2025-04-01,ENEL COLOMBIA SA ESP,4.3536272087779666e-05,4.3536272087779666e-05,0,59456.076450923174,0.03,f,0.025
,2026-04-01,ENEL COLOMBIA SA ESP,4.284896902030761e-05,4.284896902030761e-05,0,59398.36761582521,0.03,f,0.025
,2025-05-01,ENEL COLOMBIA SA ESP,4.871716266447156e-05,4.871716266447156e-05,0,59249.424465809876,0.03,f,0.025
,2025-11-01,ENEL COLOMBIA SA ESP,4.902051128133284e-05,4.902051128133284e-05,0,59157.199855166575,0.03,f,0.025
,2026-07-01,ENEL COLOMBIA SA ESP,4.9290879563809696e-05,4.9290879563809696e-05,0,59113.72245717579,0.03,f,0.025
,2025-06-01,ENEL COLOMBIA SA ESP,4.765109128392897e-05,4.765109128392897e-05,0,59105.334201750156,0.03,f,0.025
,2024-10-01,ENEL COLOMBIA SA ESP,4.604455550684047e-05,4.604455550684047e-05,0,58838.79559402459,0.03,f,0.025
,2025-09-01,ENEL COLOMBIA SA ESP,5.0156978805922956e-05,5.0156978805922956e-05,0,58770.73493495613,0.03,f,0.025
,2024-05-01,ENEL COLOMBIA SA ESP,4.739862164026465e-05,4.739862164026465e-05,0,58545.963612699335,0.03,f,0.025
,2026-03-01,ENEL COLOMBIA SA ESP,4.811977590763755e-05,4.811977590763755e-05,0,58505.714345283275,0.03,f,0.025
,2025-10-01,ENEL COLOMBIA SA ESP,4.899156009233125e-05,4.899156009233125e-05,0,58458.7969416021,0.03,f,0.025
,2024-09-01,ENEL COLOMBIA SA ESP,4.664909994706278e-05,4.664909994706278e-05,0,58229.9561917764,0.03,f,0.025
,2025-02-01,ENEL COLOMBIA SA ESP,4.645569288778309e-05,4.645569288778309e-05,0,58199.68588601326,0.03,f,0.025
,2025-03-01,ENEL COLOMBIA SA ESP,4.594414940413671e-05,4.594414940413671e-05,0,58088.08862612776,0.03,f,0.025
,2026-05-01,ENEL COLOMBIA SA ESP,4.80686766279576e-05,4.80686766279576e-05,0,58073.83761415935,0.03,f,0.025
,2024-03-01,ENEL COLOMBIA SA ESP,4.8136409864734784e-05,4.8136409864734784e-05,0,57830.59117781876,0.03,f,0.025
,2026-06-01,ENEL COLOMBIA SA ESP,4.5668236587346757e-05,4.5668236587346757e-05,0,57823.70111887176,0.03,f,0.025
,2026-01-01,ENEL COLOMBIA SA ESP,4.9198671674696906e-05,4.9198671674696906e-05,0,57387.32156140221,0.03,f,0.025
,2025-08-01,ENEL COLOMBIA SA ESP,4.735771061480178e-05,4.735771061480178e-05,0,57352.64180998564,0.03,f,0.025
,2024-04-01,ENEL COLOMBIA SA ESP,4.384009505166486e-05,4.384009505166486e-05,0,57241.019499863534,0.03,f,0.025
,2026-02-01,ENEL COLOMBIA SA ESP,4.8105828651972867e-05,4.8105828651972867e-05,0,56759.45913341435,0.03,f,0.025
,2024-08-01,ENEL COLOMBIA SA ESP,4.389173466111792e-05,4.389173466111792e-05,0,56550.32666910289,0.03,f,0.025
,2025-08-01,ENEL COLOMBIA SA ESP,4.7359234438079286e-05,4.7359234438079286e-05,0,56311.63859121789,0.03,f,0.025
,2025-12-01,ENEL COLOMBIA SA ESP,5.00110238232991e-05,5.00110238232991e-05,0,55983.05207436923,0.03,f,0.025
,2024-11-01,ENEL COLOMBIA SA ESP,4.517605112118927e-05,4.517605112118927e-05,0,55893.42777912722,0.03,f,0.025
,2024-07-01,ENEL COLOMBIA SA ESP,4.6672481369452446e-05,4.6672481369452446e-05,0,55872.35540378889,0.03,f,0.025
,2026-04-01,ENEL COLOMBIA SA ESP,4.285357903213497e-05,4.285357903213497e-05,0,55824.86275326006,0.03,f,0.025
,2025-07-01,ENEL COLOMBIA SA ESP,4.9709178571787634e-05,4.9709178571787634e-05,0,55719.90903327771,0.03,f,0.025
,2025-09-01,ENEL COLOMBIA SA ESP,5.016185026380385e-05,5.016185026380385e-05,0,55592.103682034984,0.03,f,0.025
,2025-11-01,ENEL COLOMBIA SA ESP,4.9025972521463194e-05,4.9025972521463194e-05,0,55493.683659272276,0.03,f,0.025
,2024-08-01,ENEL COLOMBIA SA ESP,4.3893240129307614e-05,4.3893240129307614e-05,0,55472.451138011624,0.03,f,0.025
,2026-03-01,ENEL COLOMBIA SA ESP,4.8124596388552274e-05,4.8124596388552274e-05,0,55261.35983788654,0.03,f,0.025
,2024-09-01,ENEL COLOMBIA SA ESP,4.665357572647864e-05,4.665357572647864e-05,0,55143.82796586904,0.03,f,0.025
,2025-07-01,ENEL COLOMBIA SA ESP,4.971011055259568e-05,4.971011055259568e-05,0,55142.81255972326,0.03,f,0.025
,2024-07-01,ENEL COLOMBIA SA ESP,4.667391624801547e-05,4.667391624801547e-05,0,54927.17415803488,0.03,f,0.025
,2024-12-01,ENEL COLOMBIA SA ESP,4.6075246117161795e-05,4.6075246117161795e-05,0,54690.63814824303,0.03,f,0.025
,2025-10-01,ENEL COLOMBIA SA ESP,4.8997436884168665e-05,4.8997436884168665e-05,0,54621.91772548637,0.03,f,0.025
,2026-06-01,ENEL COLOMBIA SA ESP,4.567294539273894e-05,4.567294539273894e-05,0,54564.84115385004,0.03,f,0.025
,2024-10-01,ENEL COLOMBIA SA ESP,4.605070015058585e-05,4.605070015058585e-05,0,54548.360077840975,0.03,f,0.025
,2024-06-01,ENEL COLOMBIA SA ESP,4.6762094214544454e-05,4.6762094214544454e-05,0,54507.63172465163,0.03,f,0.025
,2025-01-01,ENEL COLOMBIA SA ESP,4.257039704456178e-05,4.257039704456178e-05,0,54287.189048673914,0.03,f,0.025
,2024-05-01,ENEL COLOMBIA SA ESP,4.740530787116794e-05,4.740530787116794e-05,0,54072.63009727902,0.03,f,0.025
,2025-04-01,ENEL COLOMBIA SA ESP,4.3543946674464554e-05,4.3543946674464554e-05,0,53807.104031842326,0.03,f,0.025
,2024-10-01,ENEL COLOMBIA SA ESP,4.605192254265322e-05,4.605192254265322e-05,0,53768.38909774639,0.03,f,0.025
,2025-06-01,ENEL COLOMBIA SA ESP,4.7659129559582415e-05,4.7659129559582415e-05,0,53738.295037212825,0.03,f,0.025
,2025-05-01,ENEL COLOMBIA SA ESP,4.8725605459811375e-05,4.8725605459811375e-05,0,53723.729110845954,0.03,f,0.025
,2024-03-01,ENEL COLOMBIA SA ESP,4.8142867540862235e-05,4.8142867540862235e-05,0,53660.3245811972,0.03,f,0.025
,2026-02-01,ENEL COLOMBIA SA ESP,4.81108750294219e-05,4.81108750294219e-05,0,53564.52427856956,0.03,f,0.025
,2025-10-01,ENEL COLOMBIA SA ESP,4.9000116695885456e-05,4.9000116695885456e-05,0,53034.643790984024,0.03,f,0.025
,2025-03-01,ENEL COLOMBIA SA ESP,4.595202948915144e-05,4.595202948915144e-05,0,52816.90961228685,0.03,f,0.025
,2025-12-01,ENEL COLOMBIA SA ESP,5.001692484737318e-05,5.001692484737318e-05,0,52508.31939035908,0.03,f,0.025
,2026-01-01,ENEL COLOMBIA SA ESP,4.92070039660283e-05,4.92070039660283e-05,0,52295.77470876394,0.03,f,0.025
,2025-02-01,ENEL COLOMBIA SA ESP,4.646482528356546e-05,4.646482528356546e-05,0,52215.42133588247,0.03,f,0.025
,2024-04-01,ENEL COLOMBIA SA ESP,4.384771131137776e-05,4.384771131137776e-05,0,52055.39121161859,0.03,f,0.025
,2025-11-01,ENEL COLOMBIA SA ESP,4.9032117545045245e-05,4.9032117545045245e-05,0,51878.65693485388,0.03,f,0.025
,2025-06-01,ENEL COLOMBIA SA ESP,4.76627347101414e-05,4.76627347101414e-05,0,51635.406755373835,0.03,f,0.025
,2024-06-01,ENEL COLOMBIA SA ESP,4.676702099172347e-05,4.676702099172347e-05,0,51542.21722001182,0.03,f,0.025
,2024-11-01,ENEL COLOMBIA SA ESP,4.5182888355979926e-05,4.5182888355979926e-05,0,51526.83446999799,0.03,f,0.025
,2024-12-01,ENEL COLOMBIA SA ESP,4.6081142221954253e-05,4.6081142221954253e-05,0,51107.30745315887,0.03,f,0.025
,2025-03-01,ENEL COLOMBIA SA ESP,4.595558185797955e-05,4.595558185797955e-05,0,50741.19098181112,0.03,f,0.025
,2024-11-01,ENEL COLOMBIA SA ESP,4.518430412812842e-05,4.518430412812842e-05,0,50706.56032572967,0.03,f,0.025
,2025-01-01,ENEL COLOMBIA SA ESP,4.257699053235223e-05,4.257699053235223e-05,0,50069.47478265029,0.03,f,0.025
,2024-04-01,ENEL COLOMBIA SA ESP,4.3851325092715704e-05,4.3851325092715704e-05,0,49910.022634707726,0.03,f,0.025
,2026-03-01,ENEL COLOMBIA SA ESP,4.813400041853322e-05,4.813400041853322e-05,0,49866.697558843734,0.03,f,0.025
,2024-05-01,ENEL COLOMBIA SA ESP,4.741292021921612e-05,4.741292021921612e-05,0,49745.266857950446,0.03,f,0.025
,2024-03-01,ENEL COLOMBIA SA ESP,4.815065172586467e-05,4.815065172586467e-05,0,49368.945067167144,0.03,f,0.025
,2025-02-01,ENEL COLOMBIA SA ESP,4.647006117322836e-05,4.647006117322836e-05,0,49308.59849806077,0.03,f,0.025
,2026-02-01,ENEL COLOMBIA SA ESP,4.8119155563951347e-05,4.8119155563951347e-05,0,49035.420191565885,0.03,f,0.025
,2026-05-01,ENEL COLOMBIA SA ESP,4.808468970557603e-05,4.808468970557603e-05,0,48646.44733847252,0.03,f,0.025
,2025-05-01,ENEL COLOMBIA SA ESP,4.873538930510145e-05,4.873538930510145e-05,0,48483.82879122501,0.03,f,0.025
,2026-04-01,ENEL COLOMBIA SA ESP,4.286534022427744e-05,4.286534022427744e-05,0,48396.64792423189,0.03,f,0.025
,2025-04-01,ENEL COLOMBIA SA ESP,4.355389090957211e-05,4.355389090957211e-05,0,47909.06924944557,0.03,f,0.025
,2026-08-01,ENEL COLOMBIA SA ESP,4.6119721483728043e-05,4.6119721483728043e-05,0,46246.667008795586,0.03,f,0.025
,2026-07-01,ENEL COLOMBIA SA ESP,4.9316644457524394e-05,4.9316644457524394e-05,0,45141.63154664954,0.03,f,0.025
,2026-05-01,ENEL COLOMBIA SA ESP,4.809252798799098e-05,4.809252798799098e-05,0,45065.47465152497,0.03,f,0.025
,2026-06-01,ENEL COLOMBIA SA ESP,4.569272917539199e-05,4.569272917539199e-05,0,44118.20950365024,0.03,f,0.025
,2026-01-01,ENEL COLOMBIA SA ESP,4.922732688117783e-05,4.922732688117783e-05,0,42992.285117958076,0.03,f,0.025
,2024-12-01,ENEL COLOMBIA SA ESP,4.609821524716402e-05,4.609821524716402e-05,0,42957.32905996586,0.03,f,0.025
,2024-08-01,ENEL COLOMBIA SA ESP,4.391694888302133e-05,4.391694888302133e-05,0,42665.460900436185,0.03,f,0.025
,2026-04-01,ENEL COLOMBIA SA ESP,4.287748927260391e-05,4.287748927260391e-05,0,42548.3388651482,0.03,f,0.025
,2025-06-01,ENEL COLOMBIA SA ESP,4.7682857142018585e-05,4.7682857142018585e-05,0,42379.04109349423,0.03,f,0.025
,2025-05-01,ENEL COLOMBIA SA ESP,4.874988644723116e-05,4.874988644723116e-05,0,42361.69244417002,0.03,f,0.025
,2025-09-01,ENEL COLOMBIA SA ESP,5.01900056234149e-05,5.01900056234149e-05,0,42352.84325495099,0.03,f,0.025
,2024-09-01,ENEL COLOMBIA SA ESP,4.6679293567052115e-05,4.6679293567052115e-05,0,42270.9571677628,0.03,f,0.025
,2024-03-01,ENEL COLOMBIA SA ESP,4.816732206733113e-05,4.816732206733113e-05,0,42150.016788407745,0.03,f,0.025
,2025-07-01,ENEL COLOMBIA SA ESP,4.9737984566525295e-05,4.9737984566525295e-05,0,42101.34338953931,0.03,f,0.025
,2024-06-01,ENEL COLOMBIA SA ESP,4.678746536436314e-05,4.678746536436314e-05,0,42049.33498152323,0.03,f,0.025
,2025-12-01,ENEL COLOMBIA SA ESP,5.0040905342425874e-05,5.0040905342425874e-05,0,41931.871538470594,0.03,f,0.025
,2024-07-01,ENEL COLOMBIA SA ESP,4.670035872067226e-05,4.670035872067226e-05,0,41873.23586049973,0.03,f,0.025
,2024-05-01,ENEL COLOMBIA SA ESP,4.743105950984665e-05,4.743105950984665e-05,0,41778.21875490713,0.03,f,0.025
,2025-08-01,ENEL COLOMBIA SA ESP,4.738865938727772e-05,4.738865938727772e-05,0,41697.08739225735,0.03,f,0.025
,2025-04-01,ENEL COLOMBIA SA ESP,4.356745715311745e-05,4.356745715311745e-05,0,41676.74887988875,0.03,f,0.025
,2025-10-01,ENEL COLOMBIA SA ESP,4.902537437037699e-05,4.902537437037699e-05,0,41632.08783235059,0.03,f,0.025
,2025-11-01,ENEL COLOMBIA SA ESP,4.905580003166346e-05,4.905580003166346e-05,0,41467.87239982437,0.03,f,0.025
,2024-04-01,ENEL COLOMBIA SA ESP,4.3869261973244716e-05,4.3869261973244716e-05,0,41434.22684366651,0.03,f,0.025
,2026-03-01,ENEL COLOMBIA SA ESP,4.815391279616269e-05,4.815391279616269e-05,0,41324.66616886869,0.03,f,0.025
,2024-10-01,ENEL COLOMBIA SA ESP,4.607788800637282e-05,4.607788800637282e-05,0,41242.08570248548,0.03,f,0.025
,2026-04-01,ENEL COLOMBIA SA ESP,4.288181293576911e-05,4.288181293576911e-05,0,40793.97121194854,0.03,f,0.025
,2025-03-01,ENEL COLOMBIA SA ESP,4.5977830452856185e-05,4.5977830452856185e-05,0,40718.73214241416,0.03,f,0.025
,2025-01-01,ENEL COLOMBIA SA ESP,4.259700710124109e-05,4.259700710124109e-05,0,40513.873914187054,0.03,f,0.025
,2025-02-01,ENEL COLOMBIA SA ESP,4.64924192645862e-05,4.64924192645862e-05,0,39838.279790778695,0.03,f,0.025
,2026-02-01,ENEL COLOMBIA SA ESP,4.814250403429135e-05,4.814250403429135e-05,0,39595.27851010003,0.03,f,0.025
,2026-08-01,ENEL COLOMBIA SA ESP,4.613650749278004e-05,4.613650749278004e-05,0,39571.50445000657,0.03,f,0.025
,2026-07-01,ENEL COLOMBIA SA ESP,4.933442276028054e-05,4.933442276028054e-05,0,38811.716424393926,0.03,f,0.025
,2026-03-01,ENEL COLOMBIA SA ESP,4.816176093692633e-05,4.816176093692633e-05,0,38711.12124351043,0.03,f,0.025
,2024-11-01,ENEL COLOMBIA SA ESP,4.52119958970743e-05,4.52119958970743e-05,0,38666.73055086172,0.03,f,0.025
,2026-01-01,ENEL COLOMBIA SA ESP,4.9241207910544234e-05,4.9241207910544234e-05,0,38334.258067020084,0.03,f,0.025
,2025-11-01,ENEL COLOMBIA SA ESP,4.906684042068488e-05,4.906684042068488e-05,0,37920.35746400715,0.03,f,0.025
,2025-09-01,ENEL COLOMBIA SA ESP,5.020501455112417e-05,5.020501455112417e-05,0,37581.76659545607,0.03,f,0.025
,2024-09-01,ENEL COLOMBIA SA ESP,4.6693553545382235e-05,4.6693553545382235e-05,0,37426.53002068157,0.03,f,0.025
,2026-05-01,ENEL COLOMBIA SA ESP,4.8114326434733994e-05,4.8114326434733994e-05,0,37407.510519602176,0.03,f,0.025
,2026-08-01,ENEL COLOMBIA SA ESP,4.61435000356942e-05,4.61435000356942e-05,0,37327.13790480711,0.03,f,0.025
,2025-07-01,ENEL COLOMBIA SA ESP,4.975319828686717e-05,4.975319828686717e-05,0,37288.041564320614,0.03,f,0.025
,2026-01-01,ENEL COLOMBIA SA ESP,4.924504069493239e-05,4.924504069493239e-05,0,37220.76009440873,0.03,f,0.025
,2024-07-01,ENEL COLOMBIA SA ESP,4.671475276750878e-05,4.671475276750878e-05,0,37076.61664144709,0.03,f,0.025
,2024-06-01,ENEL COLOMBIA SA ESP,4.680238458740966e-05,4.680238458740966e-05,0,37067.384990115126,0.03,f,0.025
,2026-06-01,ENEL COLOMBIA SA ESP,4.571239303445812e-05,4.571239303445812e-05,0,37064.9996232993,0.03,f,0.025
,2024-12-01,ENEL COLOMBIA SA ESP,4.611543991784593e-05,4.611543991784593e-05,0,37003.968280035486,0.03,f,0.025
,2025-05-01,ENEL COLOMBIA SA ESP,4.87666603963994e-05,4.87666603963994e-05,0,36961.50688458104,0.03,f,0.025
,2025-08-01,ENEL COLOMBIA SA ESP,4.740395022991758e-05,4.740395022991758e-05,0,36741.85432318151,0.03,f,0.025
,2024-05-01,ENEL COLOMBIA SA ESP,4.744694486202445e-05,4.744694486202445e-05,0,36639.32450188688,0.03,f,0.025
,2024-10-01,ENEL COLOMBIA SA ESP,4.609215876685657e-05,4.609215876685657e-05,0,36560.82409838803,0.03,f,0.025
,2026-08-01,ENEL COLOMBIA SA ESP,4.614624035206519e-05,4.614624035206519e-05,0,36515.5151373596,0.03,f,0.025
,2025-06-01,ENEL COLOMBIA SA ESP,4.770094138389054e-05,4.770094138389054e-05,0,36498.84437586872,0.03,f,0.025
,2024-08-01,ENEL COLOMBIA SA ESP,4.393458705978793e-05,4.393458705978793e-05,0,36411.52339498696,0.03,f,0.025
,2025-11-01,ENEL COLOMBIA SA ESP,4.907236861288113e-05,4.907236861288113e-05,0,36362.71582572082,0.03,f,0.025
,2024-03-01,ENEL COLOMBIA SA ESP,4.818642026758613e-05,4.818642026758613e-05,0,36102.177713353754,0.03,f,0.025
,2025-10-01,ENEL COLOMBIA SA ESP,4.904371744681209e-05,4.904371744681209e-05,0,36009.47522442076,0.03,f,0.025
,2026-04-01,ENEL COLOMBIA SA ESP,4.28959360048537e-05,4.28959360048537e-05,0,35951.84195523165,0.03,f,0.025
,2024-04-01,ENEL COLOMBIA SA ESP,4.3885500684960727e-05,4.3885500684960727e-05,0,35912.851583588206,0.03,f,0.025
,2026-07-01,ENEL COLOMBIA SA ESP,4.9344842153854885e-05,4.9344842153854885e-05,0,35864.339887354254,0.03,f,0.025
,2025-12-01,ENEL COLOMBIA SA ESP,5.006120792898498e-05,5.006120792898498e-05,0,35822.929087837976,0.03,f,0.025
,2026-03-01,ENEL COLOMBIA SA ESP,4.817212701768917e-05,4.817212701768917e-05,0,35726.69238584121,0.03,f,0.025
,2025-01-01,ENEL COLOMBIA SA ESP,4.26117944971007e-05,4.26117944971007e-05,0,35507.66324543039,0.03,f,0.025
,2025-04-01,ENEL COLOMBIA SA ESP,4.358565685734917e-05,4.358565685734917e-05,0,35484.17168714181,0.03,f,0.025
,2025-03-01,ENEL COLOMBIA SA ESP,4.599461381330341e-05,4.599461381330341e-05,0,35438.37012829243,0.03,f,0.025
,2025-05-01,ENEL COLOMBIA SA ESP,4.877334979105971e-05,4.877334979105971e-05,0,35173.36962440416,0.03,f,0.025
,2026-06-01,ENEL COLOMBIA SA ESP,4.572026142506122e-05,4.572026142506122e-05,0,34836.46123927696,0.03,f,0.025
,2025-02-01,ENEL COLOMBIA SA ESP,4.650928286188712e-05,4.650928286188712e-05,0,34797.421424290864,0.03,f,0.025
,2024-11-01,ENEL COLOMBIA SA ESP,4.522497255515593e-05,4.522497255515593e-05,0,34795.15985570158,0.03,f,0.025
,2025-09-01,ENEL COLOMBIA SA ESP,5.021602526165475e-05,5.021602526165475e-05,0,34713.02174366358,0.03,f,0.025
,2026-06-01,ENEL COLOMBIA SA ESP,4.5721344848075115e-05,4.5721344848075115e-05,0,34550.4246089289,0.03,f,0.025
,2025-06-01,ENEL COLOMBIA SA ESP,4.7708845285119445e-05,4.7708845285119445e-05,0,34411.99194474661,0.03,f,0.025
,2025-07-01,ENEL COLOMBIA SA ESP,4.976443341501534e-05,4.976443341501534e-05,0,34384.96598506135,0.03,f,0.025
,2026-05-01,ENEL COLOMBIA SA ESP,4.812670729788679e-05,4.812670729788679e-05,0,34114.91041354133,0.03,f,0.025
,2025-04-01,ENEL COLOMBIA SA ESP,4.359106553165829e-05,4.359106553165829e-05,0,33983.544633099475,0.03,f,0.025
,2026-05-01,ENEL COLOMBIA SA ESP,4.81272913157627e-05,4.81272913157627e-05,0,33973.851613908504,0.03,f,0.025
,2026-02-01,ENEL COLOMBIA SA ESP,4.8162965620430137e-05,4.8162965620430137e-05,0,33879.37527853701,0.03,f,0.025
,2026-02-01,ENEL COLOMBIA SA ESP,4.8163189662473335e-05,4.8163189662473335e-05,0,33825.908850825894,0.03,f,0.025
,2025-10-01,ENEL COLOMBIA SA ESP,4.905252037142447e-05,4.905252037142447e-05,0,33817.63918306274,0.03,f,0.025
,2026-07-01,ENEL COLOMBIA SA ESP,4.9355488464215694e-05,4.9355488464215694e-05,0,33281.85948454385,0.03,f,0.025
,2025-08-01,ENEL COLOMBIA SA ESP,4.7419220844586624e-05,4.7419220844586624e-05,0,32843.88843462394,0.03,f,0.025
,2025-12-01,ENEL COLOMBIA SA ESP,5.007402705560317e-05,5.007402705560317e-05,0,32805.25539484435,0.03,f,0.025
,2026-01-01,ENEL COLOMBIA SA ESP,4.9263458218815355e-05,4.9263458218815355e-05,0,32661.859454675745,0.03,f,0.025
,2025-09-01,ENEL COLOMBIA SA ESP,5.0225661095619445e-05,5.0225661095619445e-05,0,32539.333069055687,0.03,f,0.025
,2025-07-01,ENEL COLOMBIA SA ESP,4.97734980642387e-05,4.97734980642387e-05,0,32352.73644123373,0.03,f,0.025
,2025-08-01,ENEL COLOMBIA SA ESP,4.7422017316929e-05,4.7422017316929e-05,0,32217.953878087843,0.03,f,0.025
,2025-11-01,ENEL COLOMBIA SA ESP,4.908976874522762e-05,4.908976874522762e-05,0,32199.629487278053,0.03,f,0.025
,2026-04-01,ENEL COLOMBIA SA ESP,4.291026392981071e-05,4.291026392981071e-05,0,32087.857835606213,0.03,f,0.025
,2025-10-01,ENEL COLOMBIA SA ESP,4.9061339930343e-05,4.9061339930343e-05,0,31873.864687151145,0.03,f,0.025
,2024-09-01,ENEL COLOMBIA SA ESP,4.6715883465869345e-05,4.6715883465869345e-05,0,31731.908649337925,0.03,f,0.025
,2026-03-01,ENEL COLOMBIA SA ESP,4.818957764711946e-05,4.818957764711946e-05,0,31622.579637662777,0.03,f,0.025
,2025-06-01,ENEL COLOMBIA SA ESP,4.7721039966168497e-05,4.7721039966168497e-05,0,31622.42529518176,0.03,f,0.025
,2024-12-01,ENEL COLOMBIA SA ESP,4.6136697091571234e-05,4.6136697091571234e-05,0,31599.428114721657,0.03,f,0.025
,2025-12-01,ENEL COLOMBIA SA ESP,5.008016328277169e-05,5.008016328277169e-05,0,31533.71738635914,0.03,f,0.025
,2024-07-01,ENEL COLOMBIA SA ESP,4.6737156904270463e-05,4.6737156904270463e-05,0,31466.27446397535,0.03,f,0.025
,2024-10-01,ENEL COLOMBIA SA ESP,4.611276064335415e-05,4.611276064335415e-05,0,31413.329259516388,0.03,f,0.025
,2025-01-01,ENEL COLOMBIA SA ESP,4.262856508579237e-05,4.262856508579237e-05,0,31143.249781585168,0.03,f,0.025
,2024-06-01,ENEL COLOMBIA SA ESP,4.6826749203332635e-05,4.6826749203332635e-05,0,31058.034171267343,0.03,f,0.025
,2025-05-01,ENEL COLOMBIA SA ESP,4.8792155378746277e-05,4.8792155378746277e-05,0,30962.36770892493,0.03,f,0.025
,2025-04-01,ENEL COLOMBIA SA ESP,4.3603617795162984e-05,4.3603617795162984e-05,0,30946.31098502183,0.03,f,0.025
,2024-05-01,ENEL COLOMBIA SA ESP,4.7470904166240574e-05,4.7470904166240574e-05,0,30905.628138382388,0.03,f,0.025
,2024-08-01,ENEL COLOMBIA SA ESP,4.395616256077276e-05,4.395616256077276e-05,0,30875.495932838316,0.03,f,0.025
,2024-04-01,ENEL COLOMBIA SA ESP,4.3906102042290764e-05,4.3906102042290764e-05,0,30719.513230192813,0.03,f,0.025
,2024-09-01,ENEL COLOMBIA SA ESP,4.67208061220394e-05,4.67208061220394e-05,0,30702.078977227102,0.03,f,0.025
,2025-03-01,ENEL COLOMBIA SA ESP,4.601519835090469e-05,4.601519835090469e-05,0,30575.37883599585,0.03,f,0.025
,2024-03-01,ENEL COLOMBIA SA ESP,4.8210762039684285e-05,4.8210762039684285e-05,0,30520.618306840817,0.03,f,0.025
,2026-02-01,ENEL COLOMBIA SA ESP,4.817903365998777e-05,4.817903365998777e-05,0,30429.810467659598,0.03,f,0.025
,2024-11-01,ENEL COLOMBIA SA ESP,4.5243647179617846e-05,4.5243647179617846e-05,0,30412.913539619825,0.03,f,0.025
,2025-02-01,ENEL COLOMBIA SA ESP,4.652988591650637e-05,4.652988591650637e-05,0,30138.29970809921,0.03,f,0.025
,2024-10-01,ENEL COLOMBIA SA ESP,4.6119416310327056e-05,4.6119416310327056e-05,0,30046.66745263727,0.03,f,0.025
,2026-08-01,ENEL COLOMBIA SA ESP,4.6173424497360365e-05,4.6173424497360365e-05,0,30036.686056920684,0.03,f,0.025
,2024-07-01,ENEL COLOMBIA SA ESP,4.674597016638601e-05,4.674597016638601e-05,0,29698.47931742276,0.03,f,0.025
,2024-08-01,ENEL COLOMBIA SA ESP,4.396320120542293e-05,4.396320120542293e-05,0,29416.42172393358,0.03,f,0.025
,2026-07-01,ENEL COLOMBIA SA ESP,4.937502618447484e-05,4.937502618447484e-05,0,29397.184448514163,0.03,f,0.025
,2024-06-01,ENEL COLOMBIA SA ESP,4.6835567171658293e-05,4.6835567171658293e-05,0,29336.735027522558,0.03,f,0.025
,2026-08-01,ENEL COLOMBIA SA ESP,4.6177198022602603e-05,4.6177198022602603e-05,0,29314.688137404955,0.03,f,0.025
,2025-03-01,ENEL COLOMBIA SA ESP,4.602294764827554e-05,4.602294764827554e-05,0,29073.45599114073,0.03,f,0.025
,2026-05-01,ENEL COLOMBIA SA ESP,4.815153602097467e-05,4.815153602097467e-05,0,28996.55893950275,0.03,f,0.025
,2026-07-01,ENEL COLOMBIA SA ESP,4.9377379898000846e-05,4.9377379898000846e-05,0,28989.552384743507,0.03,f,0.025
,2024-12-01,ENEL COLOMBIA SA ESP,4.615173772621774e-05,4.615173772621774e-05,0,28639.775754336562,0.03,f,0.025
,2026-06-01,ENEL COLOMBIA SA ESP,4.5748769833548115e-05,4.5748769833548115e-05,0,28605.056143210943,0.03,f,0.025
,2025-09-01,ENEL COLOMBIA SA ESP,5.0248978970483276e-05,5.0248978970483276e-05,0,28257.42648811267,0.03,f,0.025
,2024-03-01,ENEL COLOMBIA SA ESP,4.822366035961741e-05,4.822366035961741e-05,0,28209.616490516913,0.03,f,0.025
,2024-05-01,ENEL COLOMBIA SA ESP,4.748656511703718e-05,4.748656511703718e-05,0,28037.668398094127,0.03,f,0.025
,2025-07-01,ENEL COLOMBIA SA ESP,4.9798022825384764e-05,4.9798022825384764e-05,0,27892.6106296671,0.03,f,0.025
,2026-01-01,ENEL COLOMBIA SA ESP,4.928936724061923e-05,4.928936724061923e-05,0,27861.26051235854,0.03,f,0.025
,2024-04-01,ENEL COLOMBIA SA ESP,4.3921897218853604e-05,4.3921897218853604e-05,0,27653.49072645572,0.03,f,0.025
,2025-09-01,ENEL COLOMBIA SA ESP,5.02529554794466e-05,5.02529554794466e-05,0,27637.22057329192,0.03,f,0.025
,2025-06-01,ENEL COLOMBIA SA ESP,4.7742817744123946e-05,4.7742817744123946e-05,0,27623.456061183304,0.03,f,0.025
,2025-08-01,ENEL COLOMBIA SA ESP,4.744672002304472e-05,4.744672002304472e-05,0,27575.644907406604,0.03,f,0.025
,2025-08-01,ENEL COLOMBIA SA ESP,4.744760843758018e-05,4.744760843758018e-05,0,27433.48139840482,0.03,f,0.025
,2024-07-01,ENEL COLOMBIA SA ESP,4.675980858776093e-05,4.675980858776093e-05,0,27291.03382800048,0.03,f,0.025
,2025-11-01,ENEL COLOMBIA SA ESP,4.9117108014469674e-05,4.9117108014469674e-05,0,27290.495579665378,0.03,f,0.025
,2026-04-01,ENEL COLOMBIA SA ESP,4.2934074276822214e-05,4.2934074276822214e-05,0,27225.25717774206,0.03,f,0.025
,2024-09-01,ENEL COLOMBIA SA ESP,4.674031411780536e-05,4.674031411780536e-05,0,27203.389669586148,0.03,f,0.025
,2025-05-01,ENEL COLOMBIA SA ESP,4.881391302723105e-05,4.881391302723105e-05,0,27195.399522049473,0.03,f,0.025
,2024-09-01,ENEL COLOMBIA SA ESP,4.67405330298257e-05,4.67405330298257e-05,0,27168.647049961648,0.03,f,0.025
,2025-12-01,ENEL COLOMBIA SA ESP,5.010581551330999e-05,5.010581551330999e-05,0,27136.626123460224,0.03,f,0.025
,2026-06-01,ENEL COLOMBIA SA ESP,4.5757406079896186e-05,4.5757406079896186e-05,0,27134.67916905571,0.03,f,0.025
,2025-04-01,ENEL COLOMBIA SA ESP,4.3623618991511055e-05,4.3623618991511055e-05,0,27088.5974726595,0.03,f,0.025
,2024-11-01,ENEL COLOMBIA SA ESP,4.5261923051561556e-05,4.5261923051561556e-05,0,27075.7008597774,0.03,f,0.025
,2025-10-01,ENEL COLOMBIA SA ESP,4.9088597944525e-05,4.9088597944525e-05,0,27065.795233690358,0.03,f,0.025
,2024-10-01,ENEL COLOMBIA SA ESP,4.613636354383325e-05,4.613636354383325e-05,0,27050.105352450963,0.03,f,0.025
,2026-03-01,ENEL COLOMBIA SA ESP,4.82155542899732e-05,4.82155542899732e-05,0,27004.744060785135,0.03,f,0.025
,2025-02-01,ENEL COLOMBIA SA ESP,4.654791247397744e-05,4.654791247397744e-05,0,26977.871960232296,0.03,f,0.025
,2024-08-01,ENEL COLOMBIA SA ESP,4.3976691427245964e-05,4.3976691427245964e-05,0,26973.390440046813,0.03,f,0.025
,2025-01-01,ENEL COLOMBIA SA ESP,4.265028898469969e-05,4.265028898469969e-05,0,26865.73102795291,0.03,f,0.025
,2024-12-01,ENEL COLOMBIA SA ESP,4.6162477740320465e-05,4.6162477740320465e-05,0,26844.405756423697,0.03,f,0.025
,2024-06-01,ENEL COLOMBIA SA ESP,4.68505977423895e-05,4.68505977423895e-05,0,26804.53715854333,0.03,f,0.025
,2025-03-01,ENEL COLOMBIA SA ESP,4.603682118062742e-05,4.603682118062742e-05,0,26723.330348393552,0.03,f,0.025
,2025-07-01,ENEL COLOMBIA SA ESP,4.9806789374282333e-05,4.9806789374282333e-05,0,26582.65002086571,0.03,f,0.025
,2025-01-01,ENEL COLOMBIA SA ESP,4.265233323143448e-05,4.265233323143448e-05,0,26522.927727363374,0.03,f,0.025
,2024-05-01,ENEL COLOMBIA SA ESP,4.749657202681111e-05,4.749657202681111e-05,0,26468.236957317167,0.03,f,0.025
,2026-02-01,ENEL COLOMBIA SA ESP,4.820376181269206e-05,4.820376181269206e-05,0,26307.52807225087,0.03,f,0.025
,2025-02-01,ENEL COLOMBIA SA ESP,4.6553748506557116e-05,4.6553748506557116e-05,0,26092.06225345797,0.03,f,0.025
,2024-03-01,ENEL COLOMBIA SA ESP,4.823797352669603e-05,4.823797352669603e-05,0,26023.026484893784,0.03,f,0.025
,2024-04-01,ENEL COLOMBIA SA ESP,4.393241017967339e-05,4.393241017967339e-05,0,25930.91095411895,0.03,f,0.025
,2024-08-01,ENEL COLOMBIA SA ESP,4.39833786193809e-05,4.39833786193809e-05,0,25906.847219085823,0.03,f,0.025
,2025-10-01,ENEL COLOMBIA SA ESP,4.909745198047504e-05,4.909745198047504e-05,0,25801.5568064227,0.03,f,0.025
,2024-11-01,ENEL COLOMBIA SA ESP,4.5270403219486675e-05,4.5270403219486675e-05,0,25763.911791995313,0.03,f,0.025
,2024-07-01,ENEL COLOMBIA SA ESP,4.6770919878665916e-05,4.6770919878665916e-05,0,25623.26920583645,0.03,f,0.025
,2024-10-01,ENEL COLOMBIA SA ESP,4.614653181188933e-05,4.614653181188933e-05,0,25522.874363111383,0.03,f,0.025
,2025-11-01,ENEL COLOMBIA SA ESP,4.9130704773537394e-05,4.9130704773537394e-05,0,25367.080604324008,0.03,f,0.025
,2026-01-01,ENEL COLOMBIA SA ESP,4.9308084653283904e-05,4.9308084653283904e-05,0,25186.877259075212,0.03,f,0.025
,2026-08-01,ENEL COLOMBIA SA ESP,4.620381997829228e-05,4.620381997829228e-05,0,25064.269734720743,0.03,f,0.025
,2025-06-01,ENEL COLOMBIA SA ESP,4.776083503679085e-05,4.776083503679085e-05,0,25007.12541950404,0.03,f,0.025
,2026-05-01,ENEL COLOMBIA SA ESP,4.817818091306002e-05,4.817818091306002e-05,0,24975.346852759536,0.03,f,0.025
,2025-12-01,ENEL COLOMBIA SA ESP,5.012262042571679e-05,5.012262042571679e-05,0,24865.225073969694,0.03,f,0.025
,2025-01-01,ENEL COLOMBIA SA ESP,4.266353808417747e-05,4.266353808417747e-05,0,24789.19705454302,0.03,f,0.025
,2024-12-01,ENEL COLOMBIA SA ESP,4.6177835162650986e-05,4.6177835162650986e-05,0,24636.050627840086,0.03,f,0.025
,2024-06-01,ENEL COLOMBIA SA ESP,4.686696092008844e-05,4.686696092008844e-05,0,24502.13121820572,0.03,f,0.025
,2026-06-01,ENEL COLOMBIA SA ESP,4.5775546380569614e-05,4.5775546380569614e-05,0,24490.433397850862,0.03,f,0.025
,2026-07-01,ENEL COLOMBIA SA ESP,4.9409288535298844e-05,4.9409288535298844e-05,0,24402.34106263209,0.03,f,0.025
,2024-05-01,ENEL COLOMBIA SA ESP,4.751250107355153e-05,4.751250107355153e-05,0,24302.795309516045,0.03,f,0.025
,2025-07-01,ENEL COLOMBIA SA ESP,4.9824489319922454e-05,4.9824489319922454e-05,0,24280.323995409584,0.03,f,0.025
,2024-04-01,ENEL COLOMBIA SA ESP,4.3944995187884715e-05,4.3944995187884715e-05,0,24131.454507840495,0.03,f,0.025
,2026-03-01,ENEL COLOMBIA SA ESP,4.8236919287599565e-05,4.8236919287599565e-05,0,24109.118941712728,0.03,f,0.025
,2026-05-01,ENEL COLOMBIA SA ESP,4.8185147985663674e-05,4.8185147985663674e-05,0,24101.391969855915,0.03,f,0.025
,2025-05-01,ENEL COLOMBIA SA ESP,4.883792574460416e-05,4.883792574460416e-05,0,23976.07191204871,0.03,f,0.025
,2025-03-01,ENEL COLOMBIA SA ESP,4.6056920147233683e-05,4.6056920147233683e-05,0,23921.917668313752,0.03,f,0.025
,2024-07-01,ENEL COLOMBIA SA ESP,4.6784156891389574e-05,4.6784156891389574e-05,0,23884.446066007396,0.03,f,0.025
,2025-05-01,ENEL COLOMBIA SA ESP,4.883936774707001e-05,4.883936774707001e-05,0,23806.834615326774,0.03,f,0.025
,2024-03-01,ENEL COLOMBIA SA ESP,4.8256398722147516e-05,4.8256398722147516e-05,0,23662.014184151343,0.03,f,0.025
,2025-02-01,ENEL COLOMBIA SA ESP,4.6572063110152135e-05,4.6572063110152135e-05,0,23654.649502675868,0.03,f,0.025
,2024-06-01,ENEL COLOMBIA SA ESP,4.6873931509290056e-05,4.6873931509290056e-05,0,23637.21943464002,0.03,f,0.025
,2026-04-01,ENEL COLOMBIA SA ESP,4.295804558397088e-05,4.295804558397088e-05,0,23621.458072827823,0.03,f,0.025
,2025-04-01,ENEL COLOMBIA SA ESP,4.3647287058754416e-05,4.3647287058754416e-05,0,23606.37013776791,0.03,f,0.025
,2025-04-01,ENEL COLOMBIA SA ESP,4.3647367358901115e-05,4.3647367358901115e-05,0,23596.078985927597,0.03,f,0.025
,2025-06-01,ENEL COLOMBIA SA ESP,4.7772221370626605e-05,4.7772221370626605e-05,0,23594.829093146564,0.03,f,0.025
,2026-04-01,ENEL COLOMBIA SA ESP,4.295847746474493e-05,4.295847746474493e-05,0,23565.25850900911,0.03,f,0.025
,2024-11-01,ENEL COLOMBIA SA ESP,4.528687852033183e-05,4.528687852033183e-05,0,23547.464760225666,0.03,f,0.025
,2024-09-01,ENEL COLOMBIA SA ESP,4.676831382128023e-05,4.676831382128023e-05,0,23379.437657415598,0.03,f,0.025
,2026-01-01,ENEL COLOMBIA SA ESP,4.932385046905252e-05,4.932385046905252e-05,0,23302.788299700478,0.03,f,0.025
,2025-01-01,ENEL COLOMBIA SA ESP,4.267541259923028e-05,4.267541259923028e-05,0,23183.20505846478,0.03,f,0.025
,2025-12-01,ENEL COLOMBIA SA ESP,5.0138509846849215e-05,5.0138509846849215e-05,0,23041.65108287572,0.03,f,0.025
,2024-10-01,ENEL COLOMBIA SA ESP,4.616666666518936e-05,4.616666666518936e-05,0,22956.37819054682,0.03,f,0.025
,2026-02-01,ENEL COLOMBIA SA ESP,4.823041220168203e-05,4.823041220168203e-05,0,22955.97491301034,0.03,f,0.025
,2025-08-01,ENEL COLOMBIA SA ESP,4.748214272886629e-05,4.748214272886629e-05,0,22853.619861962325,0.03,f,0.025
,2024-08-01,ENEL COLOMBIA SA ESP,4.4006096756194154e-05,4.4006096756194154e-05,0,22838.905423024924,0.03,f,0.025
,2024-12-01,ENEL COLOMBIA SA ESP,4.619309169574576e-05,4.619309169574576e-05,0,22774.790641893367,0.03,f,0.025
,2024-04-01,ENEL COLOMBIA SA ESP,4.3956379801123505e-05,4.3956379801123505e-05,0,22706.075306017894,0.03,f,0.025
,2025-09-01,ENEL COLOMBIA SA ESP,5.029341051165795e-05,5.029341051165795e-05,0,22592.489952553566,0.03,f,0.025
,2025-11-01,ENEL COLOMBIA SA ESP,4.915441663512755e-05,4.915441663512755e-05,0,22590.457993964894,0.03,f,0.025
,2026-03-01,ENEL COLOMBIA SA ESP,4.825143688303129e-05,4.825143688303129e-05,0,22471.80461968484,0.03,f,0.025
,2025-10-01,ENEL COLOMBIA SA ESP,4.912577920286759e-05,4.912577920286759e-05,0,22447.039902456578,0.03,f,0.025
,2025-03-01,ENEL COLOMBIA SA ESP,4.6072420137381816e-05,4.6072420137381816e-05,0,22132.64121355957,0.03,f,0.025
,2025-02-01,ENEL COLOMBIA SA ESP,4.6585810181305096e-05,4.6585810181305096e-05,0,22104.69864566327,0.03,f,0.025
,2024-03-01,ENEL COLOMBIA SA ESP,4.827152337060349e-05,4.827152337060349e-05,0,22021.91991688626,0.03,f,0.025
,2024-05-01,ENEL COLOMBIA SA ESP,4.753297064102235e-05,4.753297064102235e-05,0,21990.82682771783,0.03,f,0.025
,2026-02-01,ENEL COLOMBIA SA ESP,4.8245573540525724e-05,4.8245573540525724e-05,0,21404.631897326002,0.03,f,0.025
,2024-11-01,ENEL COLOMBIA SA ESP,4.530934098105723e-05,4.530934098105723e-05,0,21075.473804547455,0.03,f,0.025
,2026-08-01,ENEL COLOMBIA SA ESP,4.623953069110256e-05,4.623953069110256e-05,0,20983.178978939362,0.03,f,0.025
,2026-07-01,ENEL COLOMBIA SA ESP,4.944887087127892e-05,4.944887087127892e-05,0,20398.331957768118,0.03,f,0.025
,2026-05-01,ENEL COLOMBIA SA ESP,4.822215708823015e-05,4.822215708823015e-05,0,20323.612454205413,0.03,f,0.025
,2025-01-01,ENEL COLOMBIA SA ESP,4.270350176403443e-05,4.270350176403443e-05,0,20102.476566853038,0.03,f,0.025
,2025-08-01,ENEL COLOMBIA SA ESP,4.7513908344403354e-05,4.7513908344403354e-05,0,19811.383480944012,0.03,f,0.025
,2025-07-01,ENEL COLOMBIA SA ESP,4.9870610055638413e-05,4.9870610055638413e-05,0,19809.67818867829,0.03,f,0.025
,2026-01-01,ENEL COLOMBIA SA ESP,4.936126560077422e-05,4.936126560077422e-05,0,19789.64466447861,0.03,f,0.025
,2024-07-01,ENEL COLOMBIA SA ESP,4.682481476382856e-05,4.682481476382856e-05,0,19764.736789651615,0.03,f,0.025
,2025-05-01,ENEL COLOMBIA SA ESP,4.8881479415007525e-05,4.8881479415007525e-05,0,19738.096362712735,0.03,f,0.025
,2026-04-01,ENEL COLOMBIA SA ESP,4.299391068926857e-05,4.299391068926857e-05,0,19716.63191046462,0.03,f,0.025
,2026-06-01,ENEL COLOMBIA SA ESP,4.5820744201901254e-05,4.5820744201901254e-05,0,19705.839442041965,0.03,f,0.025
,2026-03-01,ENEL COLOMBIA SA ESP,4.828273706022152e-05,4.828273706022152e-05,0,19601.706697748705,0.03,f,0.025
,2024-08-01,ENEL COLOMBIA SA ESP,4.4038328548348305e-05,4.4038328548348305e-05,0,19553.630623936166,0.03,f,0.025
,2025-12-01,ENEL COLOMBIA SA ESP,5.017834311071797e-05,5.017834311071797e-05,0,19463.283709232324,0.03,f,0.025
,2025-06-01,ENEL COLOMBIA SA ESP,4.781640556830296e-05,4.781640556830296e-05,0,19353.478668472035,0.03,f,0.025
,2024-12-01,ENEL COLOMBIA SA ESP,4.622912380783431e-05,4.622912380783431e-05,0,19326.370869138907,0.03,f,0.025
,2025-04-01,ENEL COLOMBIA SA ESP,4.3691564791148914e-05,4.3691564791148914e-05,0,19029.90806588023,0.03,f,0.025
,2024-09-01,ENEL COLOMBIA SA ESP,4.681417839138205e-05,4.681417839138205e-05,0,19003.698398908244,0.03,f,0.025
,2026-02-01,ENEL COLOMBIA SA ESP,4.8275482224345376e-05,4.8275482224345376e-05,0,18886.782140276468,0.03,f,0.025
,2025-11-01,ENEL COLOMBIA SA ESP,4.919808905934993e-05,4.919808905934993e-05,0,18800.332820927662,0.03,f,0.025
,2025-09-01,ENEL COLOMBIA SA ESP,5.0338574713144545e-05,5.0338574713144545e-05,0,18767.927785576518,0.03,f,0.025
,2024-06-01,ENEL COLOMBIA SA ESP,4.692645390935557e-05,4.692645390935557e-05,0,18671.138191262493,0.03,f,0.025
,2025-10-01,ENEL COLOMBIA SA ESP,4.9171672664476936e-05,4.9171672664476936e-05,0,18541.53948698824,0.03,f,0.025
,2025-02-01,ENEL COLOMBIA SA ESP,4.662714948423018e-05,4.662714948423018e-05,0,18466.13212989559,0.03,f,0.025
,2025-03-01,ENEL COLOMBIA SA ESP,4.6116874491099844e-05,4.6116874491099844e-05,0,18223.390560556953,0.03,f,0.025
,2024-10-01,ENEL COLOMBIA SA ESP,4.622132175157221e-05,4.622132175157221e-05,0,18033.90881428841,0.03,f,0.025
,2024-04-01,ENEL COLOMBIA SA ESP,4.4008248357564253e-05,4.4008248357564253e-05,0,17891.311604077353,0.03,f,0.025
,2024-03-01,ENEL COLOMBIA SA ESP,4.832268705383798e-05,4.832268705383798e-05,0,17839.120399396033,0.03,f,0.025
,2026-08-01,ENEL COLOMBIA SA ESP,4.6280462714263604e-05,4.6280462714263604e-05,0,17682.97219143068,0.03,f,0.025
,2024-05-01,ENEL COLOMBIA SA ESP,4.758616367137227e-05,4.758616367137227e-05,0,17631.97015724467,0.03,f,0.025
,2026-05-01,ENEL COLOMBIA SA ESP,4.82593870086728e-05,4.82593870086728e-05,0,17555.45865457955,0.03,f,0.025
,2026-06-01,ENEL COLOMBIA SA ESP,4.5849460624337915e-05,4.5849460624337915e-05,0,17529.926371433812,0.03,f,0.025
,2026-03-01,ENEL COLOMBIA SA ESP,4.831653256542561e-05,4.831653256542561e-05,0,17226.180114454983,0.03,f,0.025
,2026-07-01,ENEL COLOMBIA SA ESP,4.9494688878893664e-05,4.9494688878893664e-05,0,17142.433725647228,0.03,f,0.025
,2026-04-01,ENEL COLOMBIA SA ESP,4.3031064461590025e-05,4.3031064461590025e-05,0,16833.864322365105,0.03,f,0.025
,2024-11-01,ENEL COLOMBIA SA ESP,4.5363466879298276e-05,4.5363466879298276e-05,0,16820.558501615604,0.03,f,0.025
,2025-08-01,ENEL COLOMBIA SA ESP,4.7558272216520776e-05,4.7558272216520776e-05,0,16705.593797571102,0.03,f,0.025
,2025-03-01,ENEL COLOMBIA SA ESP,4.614187701384557e-05,4.614187701384557e-05,0,16576.645209254653,0.03,f,0.025
,2025-07-01,ENEL COLOMBIA SA ESP,4.992025117593446e-05,4.992025117593446e-05,0,16533.132175110986,0.03,f,0.025
,2026-02-01,ENEL COLOMBIA SA ESP,4.8311687014759974e-05,4.8311687014759974e-05,0,16532.638520223936,0.03,f,0.025
,2024-03-01,ENEL COLOMBIA SA ESP,4.834511100674223e-05,4.834511100674223e-05,0,16468.211261922166,0.03,f,0.025
,2025-06-01,ENEL COLOMBIA SA ESP,4.786064326145766e-05,4.786064326145766e-05,0,16401.596935014535,0.03,f,0.025
,2025-09-01,ENEL COLOMBIA SA ESP,5.037795337534256e-05,5.037795337534256e-05,0,16354.077647001639,0.03,f,0.025
,2025-04-01,ENEL COLOMBIA SA ESP,4.373144075612693e-05,4.373144075612693e-05,0,16201.2801584211,0.03,f,0.025
,2026-01-01,ENEL COLOMBIA SA ESP,4.941671124585768e-05,4.941671124585768e-05,0,16175.769622590567,0.03,f,0.025
,2024-04-01,ENEL COLOMBIA SA ESP,4.403674813409209e-05,4.403674813409209e-05,0,16024.291348083485,0.03,f,0.025
,2025-01-01,ENEL COLOMBIA SA ESP,4.275810113234533e-05,4.275810113234533e-05,0,15975.868539728299,0.03,f,0.025
,2024-09-01,ENEL COLOMBIA SA ESP,4.6862383604384714e-05,4.6862383604384714e-05,0,15879.907099748734,0.03,f,0.025
,2025-02-01,ENEL COLOMBIA SA ESP,4.666892930961828e-05,4.666892930961828e-05,0,15832.273426011301,0.03,f,0.025
,2025-05-01,ENEL COLOMBIA SA ESP,4.89437913082252e-05,4.89437913082252e-05,0,15754.09073648191,0.03,f,0.025
,2024-08-01,ENEL COLOMBIA SA ESP,4.4093209936287294e-05,4.4093209936287294e-05,0,15706.645619021294,0.03,f,0.025
,2025-10-01,ENEL COLOMBIA SA ESP,4.92204164712309e-05,4.92204164712309e-05,0,15649.598443418523,0.03,f,0.025
,2025-12-01,ENEL COLOMBIA SA ESP,5.0242172034031265e-05,5.0242172034031265e-05,0,15584.927165269311,0.03,f,0.025
,2024-06-01,ENEL COLOMBIA SA ESP,4.6976981308389825e-05,4.6976981308389825e-05,0,15531.89922303623,0.03,f,0.025
,2024-07-01,ENEL COLOMBIA SA ESP,4.6889304404721195e-05,4.6889304404721195e-05,0,15518.943413779678,0.03,f,0.025
,2024-12-01,ENEL COLOMBIA SA ESP,4.628754813789905e-05,4.628754813789905e-05,0,15516.829158085664,0.03,f,0.025
,2024-05-01,ENEL COLOMBIA SA ESP,4.7623356878837884e-05,4.7623356878837884e-05,0,15485.75909426753,0.03,f,0.025
,2025-11-01,ENEL COLOMBIA SA ESP,4.9257238902919406e-05,4.9257238902919406e-05,0,15319.263287779706,0.03,f,0.025
,2024-10-01,ENEL COLOMBIA SA ESP,4.6266574335918275e-05,4.6266574335918275e-05,0,15314.921248225004,0.03,f,0.025
,2024-11-01,ENEL COLOMBIA SA ESP,4.5401538764984274e-05,4.5401538764984274e-05,0,14728.932147547725,0.03,f,0.025
,2026-08-01,ENEL COLOMBIA SA ESP,4.638086879827721e-05,4.638086879827721e-05,0,12760.081976346597,0.03,f,0.025
,2026-05-01,ENEL COLOMBIA SA ESP,4.8377053730634424e-05,4.8377053730634424e-05,0,12272.443137566048,0.03,f,0.025
,2026-07-01,ENEL COLOMBIA SA ESP,4.961061153025134e-05,4.961061153025134e-05,0,12211.110789807646,0.03,f,0.025
,2026-06-01,ENEL COLOMBIA SA ESP,4.596327815958684e-05,4.596327815958684e-05,0,12193.471751265131,0.03,f,0.025
,2026-08-01,ENEL COLOMBIA SA ESP,4.640230967984324e-05,4.640230967984324e-05,0,12044.069253394244,0.03,f,0.025
,2026-01-01,ENEL COLOMBIA SA ESP,4.952722447751945e-05,4.952722447751945e-05,0,11859.210078404834,0.03,f,0.025
,2025-01-01,ENEL COLOMBIA SA ESP,4.285270634329039e-05,4.285270634329039e-05,0,11784.312014500583,0.03,f,0.025
,2025-08-01,ENEL COLOMBIA SA ESP,4.767791430871567e-05,4.767791430871567e-05,0,11741.536985702074,0.03,f,0.025
,2025-09-01,ENEL COLOMBIA SA ESP,5.0499261008283866e-05,5.0499261008283866e-05,0,11713.226092257284,0.03,f,0.025
,2026-04-01,ENEL COLOMBIA SA ESP,4.31430255268945e-05,4.31430255268945e-05,0,11685.343348980501,0.03,f,0.025
,2025-07-01,ENEL COLOMBIA SA ESP,5.0045042599066804e-05,5.0045042599066804e-05,0,11677.6096895384,0.03,f,0.025
,2025-12-01,ENEL COLOMBIA SA ESP,5.034969355855225e-05,5.034969355855225e-05,0,11668.267128596553,0.03,f,0.025
,2024-12-01,ENEL COLOMBIA SA ESP,4.6385850357394435e-05,4.6385850357394435e-05,0,11652.252721828747,0.03,f,0.025
,2026-03-01,ENEL COLOMBIA SA ESP,4.845066593725219e-05,4.845066593725219e-05,0,11631.461969390668,0.03,f,0.025
,2026-07-01,ENEL COLOMBIA SA ESP,4.963071218485123e-05,4.963071218485123e-05,0,11630.950413265198,0.03,f,0.025
,2024-08-01,ENEL COLOMBIA SA ESP,4.41916847468512e-05,4.41916847468512e-05,0,11608.62641235299,0.03,f,0.025
,2024-09-01,ENEL COLOMBIA SA ESP,4.697094126266517e-05,4.697094126266517e-05,0,11589.669149046955,0.03,f,0.025
,2026-05-01,ENEL COLOMBIA SA ESP,4.8403068757188715e-05,4.8403068757188715e-05,0,11506.852075121045,0.03,f,0.025
,2025-11-01,ENEL COLOMBIA SA ESP,4.936371762428844e-05,4.936371762428844e-05,0,11489.595334606107,0.03,f,0.025
,2025-10-01,ENEL COLOMBIA SA ESP,4.933470342848912e-05,4.933470342848912e-05,0,11459.05974671717,0.03,f,0.025
,2025-06-01,ENEL COLOMBIA SA ESP,4.798684582280837e-05,4.798684582280837e-05,0,11428.676166359166,0.03,f,0.025
,2024-10-01,ENEL COLOMBIA SA ESP,4.636890672662847e-05,4.636890672662847e-05,0,11420.972896546544,0.03,f,0.025
,2024-07-01,ENEL COLOMBIA SA ESP,4.699726419507638e-05,4.699726419507638e-05,0,11414.204468177371,0.03,f,0.025
,2026-06-01,ENEL COLOMBIA SA ESP,4.5991324253582955e-05,4.5991324253582955e-05,0,11342.628341645088,0.03,f,0.025
,2026-01-01,ENEL COLOMBIA SA ESP,4.954863459615272e-05,4.954863459615272e-05,0,11276.245585349956,0.03,f,0.025
,2026-02-01,ENEL COLOMBIA SA ESP,4.8447344512893804e-05,4.8447344512893804e-05,0,11269.395939132077,0.03,f,0.025
,2025-03-01,ENEL COLOMBIA SA ESP,4.627356188607635e-05,4.627356188607635e-05,0,11231.270071346305,0.03,f,0.025
,2025-07-01,ENEL COLOMBIA SA ESP,5.006310399305204e-05,5.006310399305204e-05,0,11201.482623473812,0.03,f,0.025
,2024-03-01,ENEL COLOMBIA SA ESP,4.8482832359611284e-05,4.8482832359611284e-05,0,11187.789365153296,0.03,f,0.025
,2024-06-01,ENEL COLOMBIA SA ESP,4.709559183131497e-05,4.709559183131497e-05,0,11136.498146304868,0.03,f,0.025
,2025-02-01,ENEL COLOMBIA SA ESP,4.6792788250618486e-05,4.6792788250618486e-05,0,11127.224631658592,0.03,f,0.025
,2026-03-01,ENEL COLOMBIA SA ESP,4.8470155894970064e-05,4.8470155894970064e-05,0,11107.292764460031,0.03,f,0.025
,2025-05-01,ENEL COLOMBIA SA ESP,4.907314404987125e-05,4.907314404987125e-05,0,11102.208221739731,0.03,f,0.025
,2025-08-01,ENEL COLOMBIA SA ESP,4.770156913790237e-05,4.770156913790237e-05,0,11089.995585779134,0.03,f,0.025
,2024-11-01,ENEL COLOMBIA SA ESP,4.550231681737913e-05,4.550231681737913e-05,0,11081.395133688184,0.03,f,0.025
,2024-04-01,ENEL COLOMBIA SA ESP,4.4159246353985275e-05,4.4159246353985275e-05,0,11062.42144665384,0.03,f,0.025
,2025-06-01,ENEL COLOMBIA SA ESP,4.8002267293422265e-05,4.8002267293422265e-05,0,11020.376107271935,0.03,f,0.025
,2024-05-01,ENEL COLOMBIA SA ESP,4.774926464457583e-05,4.774926464457583e-05,0,10966.785372444196,0.03,f,0.025
,2025-04-01,ENEL COLOMBIA SA ESP,4.385994598167343e-05,4.385994598167343e-05,0,10954.104578107488,0.03,f,0.025
,2025-04-01,ENEL COLOMBIA SA ESP,4.386166642811967e-05,4.386166642811967e-05,0,10906.81184034298,0.03,f,0.025
,2025-05-01,ENEL COLOMBIA SA ESP,4.908103480214924e-05,4.908103480214924e-05,0,10905.76622020303,0.03,f,0.025
,2024-07-01,ENEL COLOMBIA SA ESP,4.7016324663965564e-05,4.7016324663965564e-05,0,10904.968181446218,0.03,f,0.025
,2025-12-01,ENEL COLOMBIA SA ESP,5.037972547086967e-05,5.037972547086967e-05,0,10902.94792428895,0.03,f,0.025
,2026-04-01,ENEL COLOMBIA SA ESP,4.316933961941067e-05,4.316933961941067e-05,0,10901.707047357057,0.03,f,0.025
,2025-01-01,ENEL COLOMBIA SA ESP,4.2883843826874785e-05,4.2883843826874785e-05,0,10847.586352248407,0.03,f,0.025
,2024-08-01,ENEL COLOMBIA SA ESP,4.421867103197573e-05,4.421867103197573e-05,0,10833.991634769365,0.03,f,0.025
,2024-12-01,ENEL COLOMBIA SA ESP,4.6417845083136444e-05,4.6417845083136444e-05,0,10778.530193586803,0.03,f,0.025
,2024-09-01,ENEL COLOMBIA SA ESP,4.7005136091850024e-05,4.7005136091850024e-05,0,10680.730921579689,0.03,f,0.025
,2026-02-01,ENEL COLOMBIA SA ESP,4.8471609256776035e-05,4.8471609256776035e-05,0,10662.251465779755,0.03,f,0.025
,2025-09-01,ENEL COLOMBIA SA ESP,5.054213379283674e-05,5.054213379283674e-05,0,10645.56391808796,0.03,f,0.025
,2025-10-01,ENEL COLOMBIA SA ESP,4.93699295653696e-05,4.93699295653696e-05,0,10585.400088395743,0.03,f,0.025
,2024-10-01,ENEL COLOMBIA SA ESP,4.6402746083082976e-05,4.6402746083082976e-05,0,10535.190986044125,0.03,f,0.025
,2025-11-01,ENEL COLOMBIA SA ESP,4.940316490063517e-05,4.940316490063517e-05,0,10515.693149431429,0.03,f,0.025
,2025-02-01,ENEL COLOMBIA SA ESP,4.682043682945504e-05,4.682043682945504e-05,0,10434.982503409521,0.03,f,0.025
,2024-03-01,ENEL COLOMBIA SA ESP,4.851426179621791e-05,4.851426179621791e-05,0,10424.952628422001,0.03,f,0.025
,2024-06-01,ENEL COLOMBIA SA ESP,4.712459312298217e-05,4.712459312298217e-05,0,10415.788679385361,0.03,f,0.025
,2025-03-01,ENEL COLOMBIA SA ESP,4.630560409624097e-05,4.630560409624097e-05,0,10414.139401047702,0.03,f,0.025
,2024-05-01,ENEL COLOMBIA SA ESP,4.7780596113575636e-05,4.7780596113575636e-05,0,10224.329902097177,0.03,f,0.025
,2024-04-01,ENEL COLOMBIA SA ESP,4.419736249774019e-05,4.419736249774019e-05,0,10090.240231615842,0.03,f,0.025
,2024-11-01,ENEL COLOMBIA SA ESP,4.5557774907012e-05,4.5557774907012e-05,0,9752.358241154954,0.03,f,0.025
,2026-08-01,ENEL COLOMBIA SA ESP,4.7146107587747134e-05,4.7146107587747134e-05,0,4087.428447698875,0.03,f,0.025
,2026-07-01,ENEL COLOMBIA SA ESP,5.045275039778681e-05,5.045275039778681e-05,0,3952.061454451421,0.03,f,0.025
,2026-05-01,ENEL COLOMBIA SA ESP,4.921851621658658e-05,4.921851621658658e-05,0,3893.4893123515694,0.03,f,0.025
,2026-06-01,ENEL COLOMBIA SA ESP,4.677025096796887e-05,4.677025096796887e-05,0,3860.7059365588816,0.03,f,0.025
,2024-07-01,ENEL COLOMBIA SA ESP,4.781170044862233e-05,4.781170044862233e-05,0,3810.6449877918694,0.03,f,0.025
,2026-01-01,ENEL COLOMBIA SA ESP,5.042175883158165e-05,5.042175883158165e-05,0,3752.9040847332467,0.03,f,0.025
,2025-07-01,ENEL COLOMBIA SA ESP,5.0944407751217575e-05,5.0944407751217575e-05,0,3746.945700736972,0.03,f,0.025
,2024-12-01,ENEL COLOMBIA SA ESP,4.722063404582384e-05,4.722063404582384e-05,0,3740.6958656571396,0.03,f,0.025
,2024-03-01,ENEL COLOMBIA SA ESP,4.9338765620082436e-05,4.9338765620082436e-05,0,3738.2514971023893,0.03,f,0.025
,2024-08-01,ENEL COLOMBIA SA ESP,4.498654471688797e-05,4.498654471688797e-05,0,3737.498071881839,0.03,f,0.025
,2024-05-01,ENEL COLOMBIA SA ESP,4.858459730693599e-05,4.858459730693599e-05,0,3735.230590613797,0.03,f,0.025
,2025-08-01,ENEL COLOMBIA SA ESP,4.854375971149879e-05,4.854375971149879e-05,0,3726.9289007709035,0.03,f,0.025
,2024-09-01,ENEL COLOMBIA SA ESP,4.781969172531428e-05,4.781969172531428e-05,0,3723.843002826809,0.03,f,0.025
,2024-10-01,ENEL COLOMBIA SA ESP,4.720104785434365e-05,4.720104785434365e-05,0,3723.138996972787,0.03,f,0.025
,2024-06-01,ENEL COLOMBIA SA ESP,4.793196212698057e-05,4.793196212698057e-05,0,3717.7563856185566,0.03,f,0.025
,2026-03-01,ENEL COLOMBIA SA ESP,4.933402770475704e-05,4.933402770475704e-05,0,3705.582451950489,0.03,f,0.025
,2026-04-01,ENEL COLOMBIA SA ESP,4.393141804436718e-05,4.393141804436718e-05,0,3705.345088964448,0.03,f,0.025
,2025-06-01,ENEL COLOMBIA SA ESP,4.885660226333026e-05,4.885660226333026e-05,0,3699.1271905120357,0.03,f,0.025
,2025-09-01,ENEL COLOMBIA SA ESP,5.142624215912855e-05,5.142624215912855e-05,0,3696.8025688275825,0.03,f,0.025
,2025-01-01,ENEL COLOMBIA SA ESP,4.3644767251983224e-05,4.3644767251983224e-05,0,3686.494646270693,0.03,f,0.025
,2025-12-01,ENEL COLOMBIA SA ESP,5.127883808807908e-05,5.127883808807908e-05,0,3678.873521716791,0.03,f,0.025
,2024-04-01,ENEL COLOMBIA SA ESP,4.495867475270503e-05,4.495867475270503e-05,0,3662.122848289689,0.03,f,0.025
,2025-11-01,ENEL COLOMBIA SA ESP,5.0276089557467797e-05,5.0276089557467797e-05,0,3656.703799260516,0.03,f,0.025
,2024-03-01,ENEL COLOMBIA SA ESP,4.9367756869005305e-05,4.9367756869005305e-05,0,3655.800750868999,0.03,f,0.025
,2024-04-01,ENEL COLOMBIA SA ESP,4.496321749267994e-05,4.496321749267994e-05,0,3648.2545719804903,0.03,f,0.025
,2025-03-01,ENEL COLOMBIA SA ESP,4.712245253004976e-05,4.712245253004976e-05,0,3648.0243095676265,0.03,f,0.025
,2025-02-01,ENEL COLOMBIA SA ESP,4.76509693627566e-05,4.76509693627566e-05,0,3637.4459305822334,0.03,f,0.025
,2025-05-01,ENEL COLOMBIA SA ESP,4.9972221239038735e-05,4.9972221239038735e-05,0,3637.2358792926143,0.03,f,0.025
,2025-01-01,ENEL COLOMBIA SA ESP,4.366052332079165e-05,4.366052332079165e-05,0,3636.7816136775887,0.03,f,0.025
,2025-04-01,ENEL COLOMBIA SA ESP,4.465838588327946e-05,4.465838588327946e-05,0,3636.4308463541206,0.03,f,0.025
,2025-10-01,ENEL COLOMBIA SA ESP,5.025310486443829e-05,5.025310486443829e-05,0,3635.715546903689,0.03,f,0.025
,2026-02-01,ENEL COLOMBIA SA ESP,4.935268373420513e-05,4.935268373420513e-05,0,3606.65947883601,0.03,f,0.025
,2025-01-01,ENEL COLOMBIA SA ESP,4.367431965463412e-05,4.367431965463412e-05,0,3594.340024781127,0.03,f,0.025
,2026-08-01,ENEL COLOMBIA SA ESP,4.730565295485032e-05,4.730565295485032e-05,0,3580.1084963727085,0.03,f,0.025
,2024-11-01,ENEL COLOMBIA SA ESP,4.635907260248467e-05,4.635907260248467e-05,0,3568.511671409086,0.03,f,0.025
,2024-05-01,ENEL COLOMBIA SA ESP,4.86556036814173e-05,4.86556036814173e-05,0,3536.976400919401,0.03,f,0.025
,2026-04-01,ENEL COLOMBIA SA ESP,4.3987024955102774e-05,4.3987024955102774e-05,0,3535.0720589619955,0.03,f,0.025
,2025-12-01,ENEL COLOMBIA SA ESP,5.1347325801158684e-05,5.1347325801158684e-05,0,3502.120080432236,0.03,f,0.025
,2026-05-01,ENEL COLOMBIA SA ESP,4.9356601615212705e-05,4.9356601615212705e-05,0,3501.2144491525087,0.03,f,0.025
,2026-01-01,ENEL COLOMBIA SA ESP,5.0523726991347565e-05,5.0523726991347565e-05,0,3481.6247281477317,0.03,f,0.025
,2024-12-01,ENEL COLOMBIA SA ESP,4.731490745952045e-05,4.731490745952045e-05,0,3474.2959134030884,0.03,f,0.025
,2025-04-01,ENEL COLOMBIA SA ESP,4.4719011863392725e-05,4.4719011863392725e-05,0,3460.8814184091457,0.03,f,0.025
,2026-05-01,ENEL COLOMBIA SA ESP,4.93751899486331e-05,4.93751899486331e-05,0,3454.364156590625,0.03,f,0.025
,2024-04-01,ENEL COLOMBIA SA ESP,4.503894531923637e-05,4.503894531923637e-05,0,3431.6206495296988,0.03,f,0.025
,2024-08-01,ENEL COLOMBIA SA ESP,4.509265027092679e-05,4.509265027092679e-05,0,3427.2890767393646,0.03,f,0.025
,2025-03-01,ENEL COLOMBIA SA ESP,4.7204996340215386e-05,4.7204996340215386e-05,0,3423.2738114891654,0.03,f,0.025
,2026-04-01,ENEL COLOMBIA SA ESP,4.402655865814627e-05,4.402655865814627e-05,0,3423.2332776864114,0.03,f,0.025
,2024-06-01,ENEL COLOMBIA SA ESP,4.8040621266388636e-05,4.8040621266388636e-05,0,3421.626733623875,0.03,f,0.025
,2024-10-01,ENEL COLOMBIA SA ESP,4.7313008590631644e-05,4.7313008590631644e-05,0,3413.5794456429367,0.03,f,0.025
,2026-06-01,ENEL COLOMBIA SA ESP,4.692827422901417e-05,4.692827422901417e-05,0,3405.0403951962435,0.03,f,0.025
,2026-07-01,ENEL COLOMBIA SA ESP,5.0654653133475526e-05,5.0654653133475526e-05,0,3400.6286595855286,0.03,f,0.025
,2025-11-01,ENEL COLOMBIA SA ESP,5.037705694195145e-05,5.037705694195145e-05,0,3400.179552845514,0.03,f,0.025
,2025-07-01,ENEL COLOMBIA SA ESP,5.1079842706208306e-05,5.1079842706208306e-05,0,3399.2978666269805,0.03,f,0.025
,2024-07-01,ENEL COLOMBIA SA ESP,4.7960050321206256e-05,4.7960050321206256e-05,0,3398.2979887022325,0.03,f,0.025
,2025-04-01,ENEL COLOMBIA SA ESP,4.474728469478001e-05,4.474728469478001e-05,0,3384.6818573761384,0.03,f,0.025
,2026-08-01,ENEL COLOMBIA SA ESP,4.738011763922824e-05,4.738011763922824e-05,0,3384.0717453318825,0.03,f,0.025
,2025-08-01,ENEL COLOMBIA SA ESP,4.867788816324912e-05,4.867788816324912e-05,0,3370.5301952146174,0.03,f,0.025
,2024-12-01,ENEL COLOMBIA SA ESP,4.735615029212276e-05,4.735615029212276e-05,0,3369.3215019234126,0.03,f,0.025
,2024-11-01,ENEL COLOMBIA SA ESP,4.643709818579811e-05,4.643709818579811e-05,0,3360.9918211364807,0.03,f,0.025
,2024-08-01,ENEL COLOMBIA SA ESP,4.511909765656534e-05,4.511909765656534e-05,0,3357.8225192312566,0.03,f,0.025
,2024-03-01,ENEL COLOMBIA SA ESP,4.948567275980467e-05,4.948567275980467e-05,0,3354.844173712356,0.03,f,0.025
,2025-02-01,ENEL COLOMBIA SA ESP,4.7758731940421025e-05,4.7758731940421025e-05,0,3353.96149340107,0.03,f,0.025
,2024-09-01,ENEL COLOMBIA SA ESP,4.796186983728141e-05,4.796186983728141e-05,0,3343.695026521549,0.03,f,0.025
,2025-03-01,ENEL COLOMBIA SA ESP,4.723809270697783e-05,4.723809270697783e-05,0,3340.74936083299,0.03,f,0.025
,2025-09-01,ENEL COLOMBIA SA ESP,5.157143991911482e-05,5.157143991911482e-05,0,3338.876376779448,0.03,f,0.025
,2024-05-01,ENEL COLOMBIA SA ESP,4.873613871178945e-05,4.873613871178945e-05,0,3336.142494124096,0.03,f,0.025
,2024-06-01,ENEL COLOMBIA SA ESP,4.8076777844235744e-05,4.8076777844235744e-05,0,3333.2793411199214,0.03,f,0.025
,2024-07-01,ENEL COLOMBIA SA ESP,4.798815318756901e-05,4.798815318756901e-05,0,3330.0363418597485,0.03,f,0.025
,2026-03-01,ENEL COLOMBIA SA ESP,4.948420405031973e-05,4.948420405031973e-05,0,3320.876568478511,0.03,f,0.025
,2024-09-01,ENEL COLOMBIA SA ESP,4.797306462935361e-05,4.797306462935361e-05,0,3317.032924181582,0.03,f,0.025
,2026-06-01,ENEL COLOMBIA SA ESP,4.696672303897103e-05,4.696672303897103e-05,0,3309.9869998932727,0.03,f,0.025
,2025-12-01,ENEL COLOMBIA SA ESP,5.143312795880304e-05,5.143312795880304e-05,0,3303.288626913348,0.03,f,0.025
,2025-02-01,ENEL COLOMBIA SA ESP,4.778329866226711e-05,4.778329866226711e-05,0,3295.4122000054554,0.03,f,0.025
,2025-06-01,ENEL COLOMBIA SA ESP,4.901578320714228e-05,4.901578320714228e-05,0,3291.68172859657,0.03,f,0.025
,2026-03-01,ENEL COLOMBIA SA ESP,4.9498750107782934e-05,4.9498750107782934e-05,0,3287.8149974742255,0.03,f,0.025
,2024-10-01,ENEL COLOMBIA SA ESP,4.7366224267594784e-05,4.7366224267594784e-05,0,3283.8058677811473,0.03,f,0.025
,2025-05-01,ENEL COLOMBIA SA ESP,5.0116863171384716e-05,5.0116863171384716e-05,0,3282.193458306113,0.03,f,0.025
,2025-06-01,ENEL COLOMBIA SA ESP,4.902008447483451e-05,4.902008447483451e-05,0,3281.913793023076,0.03,f,0.025
,2026-02-01,ENEL COLOMBIA SA ESP,4.948452364870768e-05,4.948452364870768e-05,0,3281.707831797164,0.03,f,0.025
,2025-05-01,ENEL COLOMBIA SA ESP,5.012107028886974e-05,5.012107028886974e-05,0,3272.900969013913,0.03,f,0.025
,2025-10-01,ENEL COLOMBIA SA ESP,5.040467087144038e-05,5.040467087144038e-05,0,3267.5562422710177,0.03,f,0.025
,2024-11-01,ENEL COLOMBIA SA ESP,4.64766583459936e-05,4.64766583459936e-05,0,3264.73285536591,0.03,f,0.025
,2025-07-01,ENEL COLOMBIA SA ESP,5.11425107084858e-05,5.11425107084858e-05,0,3259.3679417659514,0.03,f,0.025
,2026-07-01,ENEL COLOMBIA SA ESP,5.072960292008947e-05,5.072960292008947e-05,0,3233.163390527616,0.03,f,0.025
,2026-01-01,ENEL COLOMBIA SA ESP,5.063558692563706e-05,5.063558692563706e-05,0,3225.825008334728,0.03,f,0.025
,2025-08-01,ENEL COLOMBIA SA ESP,4.8754992653294226e-05,4.8754992653294226e-05,0,3194.899289611404,0.03,f,0.025
,2026-02-01,ENEL COLOMBIA SA ESP,4.952769367862194e-05,4.952769367862194e-05,0,3187.6658382149644,0.03,f,0.025
,2025-11-01,ENEL COLOMBIA SA ESP,5.049394900777217e-05,5.049394900777217e-05,0,3144.7730914988797,0.03,f,0.025
,2025-09-01,ENEL COLOMBIA SA ESP,5.1667589853982185e-05,5.1667589853982185e-05,0,3137.7040326130973,0.03,f,0.025
,2025-10-01,ENEL COLOMBIA SA ESP,5.049426801148602e-05,5.049426801148602e-05,0,3083.006813171178,0.03,f,0.025
,2026-08-01,ENEL COLOMBIA SA ESP,4.760973141132276e-05,4.760973141132276e-05,0,2895.2264635172282,0.03,f,0.025
,2026-07-01,ENEL COLOMBIA SA ESP,5.095229889064296e-05,5.095229889064296e-05,0,2820.468781079518,0.03,f,0.025
,2026-05-01,ENEL COLOMBIA SA ESP,4.976849523263593e-05,4.976849523263593e-05,0,2692.1429341408343,0.03,f,0.025
,2026-06-01,ENEL COLOMBIA SA ESP,4.728509930334985e-05,4.728509930334985e-05,0,2688.521923027012,0.03,f,0.025
,2024-03-01,ENEL COLOMBIA SA ESP,4.988539147795509e-05,4.988539147795509e-05,0,2622.890452274514,0.03,f,0.025
,2024-09-01,ENEL COLOMBIA SA ESP,4.835050187276685e-05,4.835050187276685e-05,0,2614.221472236159,0.03,f,0.025
,2026-03-01,ENEL COLOMBIA SA ESP,4.987817062116546e-05,4.987817062116546e-05,0,2610.030237343201,0.03,f,0.025
,2025-03-01,ENEL COLOMBIA SA ESP,4.7630541797826875e-05,4.7630541797826875e-05,0,2598.078638828654,0.03,f,0.025
,2024-05-01,ENEL COLOMBIA SA ESP,4.914050623099225e-05,4.914050623099225e-05,0,2596.0190165494228,0.03,f,0.025
,2025-09-01,ENEL COLOMBIA SA ESP,5.2002214801367876e-05,5.2002214801367876e-05,0,2593.808835302333,0.03,f,0.025
,2024-07-01,ENEL COLOMBIA SA ESP,4.8388173451069844e-05,4.8388173451069844e-05,0,2589.611088588084,0.03,f,0.025
,2024-10-01,ENEL COLOMBIA SA ESP,4.7743946597717176e-05,4.7743946597717176e-05,0,2585.9959055764543,0.03,f,0.025
,2025-08-01,ENEL COLOMBIA SA ESP,4.910583737393018e-05,4.910583737393018e-05,0,2582.5642291436243,0.03,f,0.025
,2024-08-01,ENEL COLOMBIA SA ESP,4.5512754333181355e-05,4.5512754333181355e-05,0,2579.5883137653395,0.03,f,0.025
,2024-12-01,ENEL COLOMBIA SA ESP,4.777758706665222e-05,4.777758706665222e-05,0,2574.46661126917,0.03,f,0.025
,2026-01-01,ENEL COLOMBIA SA ESP,5.1025989784760066e-05,5.1025989784760066e-05,0,2567.4678645968993,0.03,f,0.025
,2025-07-01,ENEL COLOMBIA SA ESP,5.1554186615572145e-05,5.1554186615572145e-05,0,2565.592833864729,0.03,f,0.025
,2025-06-01,ENEL COLOMBIA SA ESP,4.943252347827492e-05,4.943252347827492e-05,0,2554.92676395158,0.03,f,0.025
,2024-06-01,ENEL COLOMBIA SA ESP,4.8511801336313335e-05,4.8511801336313335e-05,0,2543.2051269213753,0.03,f,0.025
,2025-02-01,ENEL COLOMBIA SA ESP,4.8202304167730076e-05,4.8202304167730076e-05,0,2539.3484639113035,0.03,f,0.025
,2025-11-01,ENEL COLOMBIA SA ESP,5.087199320869258e-05,5.087199320869258e-05,0,2530.1215662634986,0.03,f,0.025
,2025-10-01,ENEL COLOMBIA SA ESP,5.0845575721587617e-05,5.0845575721587617e-05,0,2524.046977678248,0.03,f,0.025
,2025-05-01,ENEL COLOMBIA SA ESP,5.0562932495402457e-05,5.0562932495402457e-05,0,2522.7557902261015,0.03,f,0.025
,2026-04-01,ENEL COLOMBIA SA ESP,4.447654301792973e-05,4.447654301792973e-05,0,2516.8967579632726,0.03,f,0.025
,2025-01-01,ENEL COLOMBIA SA ESP,4.4184742358458176e-05,4.4184742358458176e-05,0,2510.437698361218,0.03,f,0.025
,2025-04-01,ENEL COLOMBIA SA ESP,4.519769638882013e-05,4.519769638882013e-05,0,2505.7670235805795,0.03,f,0.025
,2025-12-01,ENEL COLOMBIA SA ESP,5.1916696258106314e-05,5.1916696258106314e-05,0,2502.542104948134,0.03,f,0.025
,2026-02-01,ENEL COLOMBIA SA ESP,4.9949500867937334e-05,4.9949500867937334e-05,0,2490.3695678779018,0.03,f,0.025
,2024-11-01,ENEL COLOMBIA SA ESP,4.6908012703461064e-05,4.6908012703461064e-05,0,2487.8247292374917,0.03,f,0.025
,2024-04-01,ENEL COLOMBIA SA ESP,4.553105979899249e-05,4.553105979899249e-05,0,2476.1316196967973,0.03,f,0.025
